-- phpMyAdmin SQL Dump
-- version 5.2.1
-- https://www.phpmyadmin.net/
--
-- Host: 127.0.0.1
-- Generation Time: Jul 24, 2024 at 12:44 PM
-- Server version: 10.4.28-MariaDB
-- PHP Version: 8.2.4

SET SQL_MODE = "NO_AUTO_VALUE_ON_ZERO";
START TRANSACTION;
SET time_zone = "+00:00";


/*!40101 SET @OLD_CHARACTER_SET_CLIENT=@@CHARACTER_SET_CLIENT */;
/*!40101 SET @OLD_CHARACTER_SET_RESULTS=@@CHARACTER_SET_RESULTS */;
/*!40101 SET @OLD_COLLATION_CONNECTION=@@COLLATION_CONNECTION */;
/*!40101 SET NAMES utf8mb4 */;

--
-- Database: `arr_api`
--

-- --------------------------------------------------------

--
-- Table structure for table `cache`
--

CREATE TABLE `cache` (
  `key` varchar(255) NOT NULL,
  `value` mediumtext NOT NULL,
  `expiration` int(11) NOT NULL
) ENGINE=InnoDB DEFAULT CHARSET=utf8mb4 COLLATE=utf8mb4_unicode_ci;

-- --------------------------------------------------------

--
-- Table structure for table `cache_locks`
--

CREATE TABLE `cache_locks` (
  `key` varchar(255) NOT NULL,
  `owner` varchar(255) NOT NULL,
  `expiration` int(11) NOT NULL
) ENGINE=InnoDB DEFAULT CHARSET=utf8mb4 COLLATE=utf8mb4_unicode_ci;

-- --------------------------------------------------------

--
-- Table structure for table `failed_jobs`
--

CREATE TABLE `failed_jobs` (
  `id` bigint(20) UNSIGNED NOT NULL,
  `uuid` varchar(255) NOT NULL,
  `connection` text NOT NULL,
  `queue` text NOT NULL,
  `payload` longtext NOT NULL,
  `exception` longtext NOT NULL,
  `failed_at` timestamp NOT NULL DEFAULT current_timestamp()
) ENGINE=InnoDB DEFAULT CHARSET=utf8mb4 COLLATE=utf8mb4_unicode_ci;

-- --------------------------------------------------------

--
-- Table structure for table `jobs`
--

CREATE TABLE `jobs` (
  `id` bigint(20) UNSIGNED NOT NULL,
  `queue` varchar(255) NOT NULL,
  `payload` longtext NOT NULL,
  `attempts` tinyint(3) UNSIGNED NOT NULL,
  `reserved_at` int(10) UNSIGNED DEFAULT NULL,
  `available_at` int(10) UNSIGNED NOT NULL,
  `created_at` int(10) UNSIGNED NOT NULL
) ENGINE=InnoDB DEFAULT CHARSET=utf8mb4 COLLATE=utf8mb4_unicode_ci;

-- --------------------------------------------------------

--
-- Table structure for table `job_batches`
--

CREATE TABLE `job_batches` (
  `id` varchar(255) NOT NULL,
  `name` varchar(255) NOT NULL,
  `total_jobs` int(11) NOT NULL,
  `pending_jobs` int(11) NOT NULL,
  `failed_jobs` int(11) NOT NULL,
  `failed_job_ids` longtext NOT NULL,
  `options` mediumtext DEFAULT NULL,
  `cancelled_at` int(11) DEFAULT NULL,
  `created_at` int(11) NOT NULL,
  `finished_at` int(11) DEFAULT NULL
) ENGINE=InnoDB DEFAULT CHARSET=utf8mb4 COLLATE=utf8mb4_unicode_ci;

-- --------------------------------------------------------

--
-- Table structure for table `migrations`
--

CREATE TABLE `migrations` (
  `id` int(10) UNSIGNED NOT NULL,
  `migration` varchar(255) NOT NULL,
  `batch` int(11) NOT NULL
) ENGINE=InnoDB DEFAULT CHARSET=utf8mb4 COLLATE=utf8mb4_unicode_ci;

--
-- Dumping data for table `migrations`
--

INSERT INTO `migrations` (`id`, `migration`, `batch`) VALUES
(1, '0001_01_01_000000_create_users_table', 1),
(2, '0001_01_01_000001_create_cache_table', 1),
(3, '0001_01_01_000002_create_jobs_table', 1),
(4, '2024_07_24_092934_create_products_table', 1),
(5, '2024_07_24_093010_create_reviews_table', 1),
(6, '2024_07_24_093702_create_personal_access_tokens_table', 1);

-- --------------------------------------------------------

--
-- Table structure for table `password_reset_tokens`
--

CREATE TABLE `password_reset_tokens` (
  `email` varchar(255) NOT NULL,
  `token` varchar(255) NOT NULL,
  `created_at` timestamp NULL DEFAULT NULL
) ENGINE=InnoDB DEFAULT CHARSET=utf8mb4 COLLATE=utf8mb4_unicode_ci;

-- --------------------------------------------------------

--
-- Table structure for table `personal_access_tokens`
--

CREATE TABLE `personal_access_tokens` (
  `id` bigint(20) UNSIGNED NOT NULL,
  `tokenable_type` varchar(255) NOT NULL,
  `tokenable_id` bigint(20) UNSIGNED NOT NULL,
  `name` varchar(255) NOT NULL,
  `token` varchar(64) NOT NULL,
  `abilities` text DEFAULT NULL,
  `last_used_at` timestamp NULL DEFAULT NULL,
  `expires_at` timestamp NULL DEFAULT NULL,
  `created_at` timestamp NULL DEFAULT NULL,
  `updated_at` timestamp NULL DEFAULT NULL
) ENGINE=InnoDB DEFAULT CHARSET=utf8mb4 COLLATE=utf8mb4_unicode_ci;

-- --------------------------------------------------------

--
-- Table structure for table `products`
--

CREATE TABLE `products` (
  `id` bigint(20) UNSIGNED NOT NULL,
  `name` varchar(255) NOT NULL,
  `detail` text NOT NULL,
  `price` double NOT NULL,
  `stock` int(11) NOT NULL,
  `discount` double NOT NULL,
  `created_at` timestamp NULL DEFAULT NULL,
  `updated_at` timestamp NULL DEFAULT NULL
) ENGINE=InnoDB DEFAULT CHARSET=utf8mb4 COLLATE=utf8mb4_unicode_ci;

--
-- Dumping data for table `products`
--

INSERT INTO `products` (`id`, `name`, `detail`, `price`, `stock`, `discount`, `created_at`, `updated_at`) VALUES
(1, 'dolores', 'Vel vero veritatis ex maiores eos. Ut autem veniam non.', 857, 3, 22, '2024-07-24 07:41:17', '2024-07-24 07:41:17'),
(2, 'occaecati', 'Consectetur earum ipsa nobis est. Quaerat aspernatur a maxime magnam. Omnis ullam veniam eos iusto sit. Ea nemo sed et aperiam.', 801, 9, 2, '2024-07-24 07:41:17', '2024-07-24 07:41:17'),
(3, 'velit', 'Suscipit tempora dignissimos et placeat rerum. Est voluptatem laboriosam velit voluptatem debitis nihil tempore debitis. Aut quia exercitationem rerum eius saepe.', 881, 2, 6, '2024-07-24 07:41:17', '2024-07-24 07:41:17'),
(4, 'aspernatur', 'Eligendi autem quia fugit id molestiae libero quam. Nobis dicta est dolore id. Consequuntur qui ut totam molestias rem explicabo repudiandae.', 581, 0, 12, '2024-07-24 07:41:17', '2024-07-24 07:41:17'),
(5, 'est', 'Ad vel omnis vitae et quas ut. Autem repellendus vel quia est reiciendis non officiis. Ea quis neque repellendus aliquam a et numquam qui.', 139, 1, 25, '2024-07-24 07:41:17', '2024-07-24 07:41:17'),
(6, 'vel', 'Est officiis dolores quas officia quod at quae. Unde quia ut inventore voluptates adipisci sapiente sint. Ipsa omnis aliquid impedit totam ea tempore vel. Sit accusamus vel ab dignissimos dolor nostrum quidem architecto.', 814, 4, 23, '2024-07-24 07:41:17', '2024-07-24 07:41:17'),
(7, 'ipsam', 'Qui fugiat officia sunt deserunt perferendis omnis. Molestias qui dolorem voluptatem quia ea voluptatum perferendis. Perspiciatis veniam facilis rerum placeat.', 132, 3, 22, '2024-07-24 07:41:17', '2024-07-24 07:41:17'),
(8, 'corporis', 'Dolore et perspiciatis eveniet quidem iure amet et totam. Explicabo eos deserunt distinctio dolorum eveniet aut iste. Consequatur quia aperiam ex asperiores doloribus et ducimus. Perferendis est eos sunt et ad numquam incidunt.', 740, 7, 30, '2024-07-24 07:41:17', '2024-07-24 07:41:17'),
(9, 'cumque', 'Tempora non quas id dolorem. Odit provident qui placeat harum sit. Quis reprehenderit totam autem natus iure facere. Vero et exercitationem doloremque.', 672, 2, 11, '2024-07-24 07:41:17', '2024-07-24 07:41:17'),
(10, 'fugiat', 'Aut aut voluptates voluptas. Ducimus omnis voluptatem autem recusandae. Laudantium aperiam commodi aspernatur. Ipsum ab error aut tempora provident voluptatem debitis.', 667, 8, 23, '2024-07-24 07:41:17', '2024-07-24 07:41:17'),
(11, 'velit', 'Pariatur sed error ea dolores corrupti. Optio perferendis illum et ducimus aperiam velit. Laudantium est maxime cum in veniam dolorum.', 608, 1, 18, '2024-07-24 07:41:17', '2024-07-24 07:41:17'),
(12, 'ut', 'Voluptatum voluptatum sint fugiat ut eos distinctio rem. Mollitia illum suscipit qui voluptatem qui. Earum consequatur ducimus aut alias doloremque expedita itaque. Voluptates aut exercitationem doloribus qui laboriosam voluptatibus.', 966, 2, 8, '2024-07-24 07:41:17', '2024-07-24 07:41:17'),
(13, 'quis', 'Omnis ut quos doloremque praesentium perspiciatis. Ea voluptate laboriosam deleniti doloribus in aut deserunt. Maxime neque cum maiores qui. Iste ducimus voluptate qui ut ut. Hic nemo impedit autem aperiam beatae veritatis.', 333, 5, 3, '2024-07-24 07:41:17', '2024-07-24 07:41:17'),
(14, 'ea', 'Necessitatibus in accusamus est libero praesentium. Saepe voluptas rem aut deserunt earum earum. Quisquam sed fugiat occaecati velit est libero. Dolor a quisquam consequuntur cupiditate. Et laboriosam quae nesciunt quo pariatur.', 520, 7, 13, '2024-07-24 07:41:17', '2024-07-24 07:41:17'),
(15, 'ut', 'Voluptatem est alias provident ad. Fuga et non sit sunt repellendus magni aspernatur. Quis at ab fugiat voluptas totam.', 851, 2, 2, '2024-07-24 07:41:17', '2024-07-24 07:41:17'),
(16, 'corporis', 'Dolorem nihil in rerum qui libero. Id qui deleniti ut perferendis omnis tempora.', 838, 2, 3, '2024-07-24 07:41:17', '2024-07-24 07:41:17'),
(17, 'illum', 'Et quidem eum neque in fugit. Harum quam dolore dicta ea. Aut sed iure veniam pariatur autem praesentium.', 431, 5, 29, '2024-07-24 07:41:17', '2024-07-24 07:41:17'),
(18, 'enim', 'Tempora vel beatae consequatur animi commodi cum. Ducimus tempore dolor commodi quisquam adipisci. Et at animi enim ipsam in. Necessitatibus accusamus deleniti similique sed corrupti aut.', 914, 7, 29, '2024-07-24 07:41:17', '2024-07-24 07:41:17'),
(19, 'et', 'Rem voluptatum dolores dolorum. Molestiae distinctio temporibus omnis odit aut incidunt exercitationem. Rem facilis quia velit.', 855, 0, 7, '2024-07-24 07:41:17', '2024-07-24 07:41:17'),
(20, 'facilis', 'Veniam ab ipsam voluptatum qui amet ut. Aliquam sed dignissimos dolorem et molestias consequatur labore. Et ducimus repudiandae veniam enim.', 716, 2, 12, '2024-07-24 07:41:17', '2024-07-24 07:41:17'),
(21, 'molestiae', 'Est omnis pariatur voluptatem sapiente rerum. Dolores fuga nulla ea omnis.', 705, 0, 10, '2024-07-24 07:41:17', '2024-07-24 07:41:17'),
(22, 'voluptatem', 'Eum quis in voluptas accusantium aut. Quia porro nihil velit quibusdam officia consequatur ipsam ipsa. Dolorem modi non cum dolores. Possimus nihil molestiae nobis sequi.', 337, 4, 2, '2024-07-24 07:41:17', '2024-07-24 07:41:17'),
(23, 'culpa', 'Ducimus sit a optio odit ex cupiditate ea. Cupiditate nesciunt expedita non id saepe nemo harum. Sed quisquam impedit dolorem modi dolores consequuntur dolor aut.', 140, 8, 14, '2024-07-24 07:41:17', '2024-07-24 07:41:17'),
(24, 'ut', 'Reprehenderit vel ducimus esse. Laboriosam alias delectus voluptatem porro. Iure omnis tenetur recusandae qui molestiae. Iusto veritatis debitis culpa quis.', 969, 6, 10, '2024-07-24 07:41:17', '2024-07-24 07:41:17'),
(25, 'maiores', 'Eos libero accusantium aut voluptatibus quia. Minima quam voluptatum perferendis sapiente inventore repudiandae labore nemo. Laudantium et blanditiis nulla qui molestiae minus. Vero rerum deleniti eligendi nostrum sequi eum.', 409, 4, 28, '2024-07-24 07:41:17', '2024-07-24 07:41:17'),
(26, 'tenetur', 'Iure culpa aut deleniti animi suscipit expedita. Aut voluptate doloremque voluptatem non vel delectus dignissimos. Fugit quibusdam reprehenderit aut sed accusamus.', 779, 0, 8, '2024-07-24 07:41:17', '2024-07-24 07:41:17'),
(27, 'ipsa', 'Hic aut quaerat tempora ea est soluta temporibus et. Dolorum laboriosam velit molestiae. Quia et vel eaque id ad soluta. Ea quas voluptatibus ea.', 919, 5, 4, '2024-07-24 07:41:17', '2024-07-24 07:41:17'),
(28, 'est', 'Modi sint corrupti et et. Voluptatem sed eius blanditiis aut cumque consequatur. Rem suscipit distinctio reiciendis ad autem consequatur velit. Eos maiores incidunt dolorem repellat quam.', 687, 6, 20, '2024-07-24 07:41:17', '2024-07-24 07:41:17'),
(29, 'quo', 'Dolor excepturi quis cumque repudiandae autem occaecati consequatur doloremque. Et impedit inventore aut earum autem beatae. Natus blanditiis excepturi omnis quia.', 799, 4, 20, '2024-07-24 07:41:17', '2024-07-24 07:41:17'),
(30, 'illum', 'Aliquid fugit velit accusamus necessitatibus rerum temporibus consequatur quis. Recusandae impedit quisquam ut. Voluptatem molestiae autem beatae assumenda.', 271, 6, 10, '2024-07-24 07:41:17', '2024-07-24 07:41:17'),
(31, 'rerum', 'Sint quidem accusamus nihil error dignissimos ut et neque. Nulla fuga natus accusamus voluptatem quae nemo. Magni quasi qui doloribus voluptas. Sapiente molestiae inventore odit non ipsum.', 499, 4, 3, '2024-07-24 07:41:17', '2024-07-24 07:41:17'),
(32, 'dignissimos', 'Sed et molestiae ipsa sint. Et et voluptatibus et ipsam sint nihil. Atque est vero consequuntur sit eum.', 177, 5, 8, '2024-07-24 07:41:17', '2024-07-24 07:41:17'),
(33, 'amet', 'Et earum aut quidem autem possimus autem molestias. Suscipit omnis sit minima debitis cupiditate. Qui minus at unde nobis quam labore aperiam veniam.', 343, 7, 6, '2024-07-24 07:41:17', '2024-07-24 07:41:17'),
(34, 'beatae', 'Commodi assumenda sapiente ratione cum consequatur corrupti sapiente libero. Ad aspernatur laboriosam sed impedit distinctio. Ab magnam voluptatem est reiciendis et perferendis laborum animi. Debitis doloribus delectus autem tenetur est nisi nostrum officia.', 518, 1, 9, '2024-07-24 07:41:17', '2024-07-24 07:41:17'),
(35, 'assumenda', 'Velit aut id quibusdam eum voluptas. Quod quo et enim sit sed qui. Non nostrum asperiores qui. Est expedita eos earum possimus.', 201, 4, 24, '2024-07-24 07:41:17', '2024-07-24 07:41:17'),
(36, 'quisquam', 'Accusamus odio dolorum quo. Modi dignissimos voluptas unde ipsum. Qui atque et quia. Rerum facere corrupti qui assumenda sunt. Unde voluptatem deserunt maxime non facilis asperiores est libero.', 450, 3, 2, '2024-07-24 07:41:17', '2024-07-24 07:41:17'),
(37, 'inventore', 'Doloribus illo aspernatur inventore cumque. Dolorem neque velit beatae voluptatem. Dolorum eum id tempore a quidem. Accusantium eveniet et modi dolorem.', 937, 6, 14, '2024-07-24 07:41:17', '2024-07-24 07:41:17'),
(38, 'deserunt', 'Quam id illo aut facilis est ut. In eveniet quos nihil nesciunt fugit. Maiores ipsam repellat iure fuga natus aut est. Rerum nulla facilis soluta a dolores aut vel. Aliquid dolore expedita vero ex consectetur minima ad.', 415, 4, 7, '2024-07-24 07:41:17', '2024-07-24 07:41:17'),
(39, 'architecto', 'Voluptas aut omnis non omnis earum deserunt aut in. Ipsa odit itaque dicta magnam non. Asperiores placeat quasi porro ullam nulla. Possimus consequatur deleniti cupiditate nobis.', 620, 2, 11, '2024-07-24 07:41:17', '2024-07-24 07:41:17'),
(40, 'exercitationem', 'Alias labore dolor et molestiae possimus cum officiis porro. Quia dolor velit aut ullam eius id fuga. Itaque in beatae quae architecto non et. Voluptatem culpa fugit iure officia. Voluptatibus laborum velit sunt laborum.', 609, 1, 20, '2024-07-24 07:41:17', '2024-07-24 07:41:17'),
(41, 'ut', 'Sunt nemo animi aliquam cum. Iusto aut deserunt repellendus molestias molestiae qui aut. Mollitia omnis commodi nisi dolor. Vero perspiciatis dicta modi quam aliquid.', 791, 5, 14, '2024-07-24 07:41:17', '2024-07-24 07:41:17'),
(42, 'necessitatibus', 'Omnis eligendi ipsa provident voluptate sunt. Sit rerum tenetur sunt impedit distinctio id culpa.', 120, 2, 15, '2024-07-24 07:41:17', '2024-07-24 07:41:17'),
(43, 'numquam', 'Dolor error repellendus est aut assumenda explicabo. Vitae repellat libero sint recusandae error id aut. Ut dolorem qui quia fugiat. Et laboriosam cumque molestiae facilis reprehenderit nulla odit.', 375, 3, 25, '2024-07-24 07:41:17', '2024-07-24 07:41:17'),
(44, 'et', 'Molestiae magni consequuntur quia in quibusdam odio. Voluptas quis inventore veniam aperiam. Repudiandae provident adipisci aut sequi aut alias. Tenetur quia dignissimos quo quibusdam nam non similique.', 310, 6, 4, '2024-07-24 07:41:17', '2024-07-24 07:41:17'),
(45, 'sint', 'Voluptas consequatur tenetur amet facere vel. Voluptatem ratione beatae facilis dignissimos. Natus rem tempora minus qui ea et asperiores.', 159, 9, 26, '2024-07-24 07:41:17', '2024-07-24 07:41:17'),
(46, 'nihil', 'Non repellendus minus quam laudantium velit officia voluptatum voluptas. Dolorum eum sed porro minus sunt.', 924, 8, 23, '2024-07-24 07:41:17', '2024-07-24 07:41:17'),
(47, 'velit', 'Dignissimos et et et et. Ipsam praesentium consequuntur quia. Nihil voluptas expedita sed et quasi nesciunt.', 895, 1, 21, '2024-07-24 07:41:17', '2024-07-24 07:41:17'),
(48, 'laborum', 'Optio et mollitia est sint similique dolore repellendus. In sunt suscipit accusamus dolores. Magni cumque nostrum eum exercitationem cupiditate eos non. Id est repudiandae est quia et enim.', 262, 9, 10, '2024-07-24 07:41:17', '2024-07-24 07:41:17'),
(49, 'omnis', 'Illo ut qui ducimus ut autem. Et voluptates iste minima et atque et vitae. Commodi enim voluptatem eius in dolorum vel sequi.', 430, 0, 27, '2024-07-24 07:41:17', '2024-07-24 07:41:17'),
(50, 'earum', 'Sed quo omnis molestias numquam quia enim. Officia reiciendis amet non sit non reprehenderit consequatur. Consequatur tempora quia quidem architecto adipisci voluptas. Nulla commodi vitae qui ipsum.', 745, 5, 21, '2024-07-24 07:41:17', '2024-07-24 07:41:17');

-- --------------------------------------------------------

--
-- Table structure for table `reviews`
--

CREATE TABLE `reviews` (
  `id` bigint(20) UNSIGNED NOT NULL,
  `product_id` bigint(20) UNSIGNED NOT NULL,
  `customer` varchar(255) NOT NULL,
  `review` text NOT NULL,
  `star` int(11) NOT NULL,
  `created_at` timestamp NULL DEFAULT NULL,
  `updated_at` timestamp NULL DEFAULT NULL
) ENGINE=InnoDB DEFAULT CHARSET=utf8mb4 COLLATE=utf8mb4_unicode_ci;

--
-- Dumping data for table `reviews`
--

INSERT INTO `reviews` (`id`, `product_id`, `customer`, `review`, `star`, `created_at`, `updated_at`) VALUES
(1, 29, 'Laverna Rodriguez', 'Ab ut voluptas et. Sint consequatur ad temporibus distinctio atque voluptate.', 5, '2024-07-24 07:41:18', '2024-07-24 07:41:18'),
(2, 14, 'Ross Reinger', 'Inventore nemo dicta dicta architecto sed ex omnis. Ut iste incidunt neque quo vel. Excepturi aut quae autem maiores numquam.', 3, '2024-07-24 07:41:18', '2024-07-24 07:41:18'),
(3, 11, 'Elyssa Hansen', 'Reprehenderit asperiores similique dolores necessitatibus magnam suscipit. In impedit deserunt est est delectus qui. Est perspiciatis voluptatibus aspernatur. Dolorem ipsum modi culpa omnis.', 4, '2024-07-24 07:41:18', '2024-07-24 07:41:18'),
(4, 20, 'Peter Vandervort V', 'Omnis itaque qui sit recusandae veritatis neque. Tempora id atque possimus sed neque rerum. Repellendus repellat ea ut voluptates.', 1, '2024-07-24 07:41:18', '2024-07-24 07:41:18'),
(5, 12, 'April Runolfsson Jr.', 'Magnam voluptas sed laboriosam dignissimos voluptatem commodi sit. Aspernatur consequatur impedit in necessitatibus accusamus quas doloremque.', 2, '2024-07-24 07:41:18', '2024-07-24 07:41:18'),
(6, 21, 'Toni Casper V', 'Illo deserunt accusantium eveniet sit. Incidunt officia labore dolore in eos similique facilis. Praesentium alias at consequatur in molestias perspiciatis ipsa. In in sunt at corporis et aut.', 3, '2024-07-24 07:41:18', '2024-07-24 07:41:18'),
(7, 8, 'Shanelle Rau', 'Id consequatur molestiae quos quia consequuntur sed facilis. Consequuntur similique dignissimos quisquam. Temporibus dolor sequi eos aut rerum. Mollitia aperiam et cumque sunt ut.', 2, '2024-07-24 07:41:18', '2024-07-24 07:41:18'),
(8, 5, 'Aisha Denesik MD', 'Commodi voluptates qui rerum. Magni enim deserunt consequuntur. Excepturi excepturi voluptatem accusamus dicta consectetur aliquam neque.', 0, '2024-07-24 07:41:18', '2024-07-24 07:41:18'),
(9, 49, 'Micheal Hintz Sr.', 'Officia quis ut vitae. Et accusamus distinctio voluptas ut nostrum nesciunt et dolorum. Quia quos aut deserunt dolorem.', 3, '2024-07-24 07:41:18', '2024-07-24 07:41:18'),
(10, 46, 'Rowan Weissnat', 'Maiores non totam et ut mollitia recusandae tenetur. Omnis sint sint nemo fugit. Blanditiis illum ea tempore voluptatem consectetur officia consequatur. Est qui vel minima est non quis minima nesciunt.', 1, '2024-07-24 07:41:18', '2024-07-24 07:41:18'),
(11, 44, 'Prof. Reinhold Lockman', 'Ipsam assumenda quae laudantium dolor. Animi non exercitationem consequatur impedit.', 2, '2024-07-24 07:41:18', '2024-07-24 07:41:18'),
(12, 46, 'Mrs. Shany Hand DDS', 'Excepturi quos doloremque minima iste incidunt. Molestias doloremque quam ut incidunt minima. Illo est reprehenderit cum. Reprehenderit placeat dolorem voluptatem vero culpa qui impedit.', 5, '2024-07-24 07:41:18', '2024-07-24 07:41:18'),
(13, 14, 'Mr. Carlo Bogisich', 'Sed nesciunt doloremque veniam neque. Minima impedit nisi ad.', 3, '2024-07-24 07:41:18', '2024-07-24 07:41:18'),
(14, 8, 'Dorian Morissette', 'Quo dicta dolor vel optio. Ex fugiat sint recusandae. Qui quis dolore laudantium ratione.', 1, '2024-07-24 07:41:18', '2024-07-24 07:41:18'),
(15, 35, 'Ariel Renner', 'Distinctio omnis hic aperiam id est. Repellat dolore qui sunt qui. Dicta accusamus doloremque dolorem voluptas dolorem magnam architecto rerum. Asperiores at sint rem placeat voluptatum aut sunt.', 2, '2024-07-24 07:41:18', '2024-07-24 07:41:18'),
(16, 34, 'Ole Fay', 'Recusandae aut animi numquam. Omnis expedita neque iusto doloremque velit impedit voluptas voluptatum. Est rem qui molestias ipsa molestias expedita quis.', 3, '2024-07-24 07:41:18', '2024-07-24 07:41:18'),
(17, 43, 'Lauretta Schinner', 'Tempore quis eligendi dignissimos. Eius voluptatum omnis delectus minus. Soluta quas perspiciatis tempora est tempore et et. Non commodi necessitatibus blanditiis nihil commodi pariatur perspiciatis.', 1, '2024-07-24 07:41:18', '2024-07-24 07:41:18'),
(18, 6, 'Westley Reilly', 'Ratione aut quos provident autem cupiditate atque. Repellendus exercitationem modi voluptas adipisci temporibus rem. Facilis aliquam saepe voluptate sint. Voluptatem aut et totam quasi consequuntur.', 4, '2024-07-24 07:41:18', '2024-07-24 07:41:18'),
(19, 45, 'Easton Kris', 'Repellendus suscipit fugiat quia provident blanditiis vitae saepe. Qui voluptates eaque aspernatur eaque error in. Velit pariatur omnis nam impedit et rerum neque. Aperiam corrupti natus et consequatur eius ex facilis dolorum. Corporis quis numquam eaque consequatur.', 1, '2024-07-24 07:41:18', '2024-07-24 07:41:18'),
(20, 14, 'Rickie Effertz PhD', 'Non distinctio ratione non fuga incidunt. Aut voluptas qui maxime veniam omnis quis dolor. Sit aliquam aliquid doloremque voluptatem eos consequatur maiores. Magnam ducimus et natus dolor blanditiis est.', 3, '2024-07-24 07:41:18', '2024-07-24 07:41:18'),
(21, 17, 'Casey Quitzon', 'Qui nostrum in sit eum libero. Dolor id rerum quaerat iure sed praesentium incidunt. Expedita deserunt quisquam reprehenderit dolorem molestiae numquam. Fugit quia et voluptate sed aspernatur iure ullam.', 2, '2024-07-24 07:41:18', '2024-07-24 07:41:18'),
(22, 3, 'Ms. Larissa Schmitt DVM', 'Veniam similique incidunt dolorem reprehenderit ut. Dolorem molestiae voluptates esse non sit. Voluptatem eos quo aut iure qui.', 0, '2024-07-24 07:41:18', '2024-07-24 07:41:18'),
(23, 36, 'Providenci Kuphal', 'Et quis in aut fuga autem ipsam. Enim officia qui impedit consequuntur. Beatae officia voluptates qui velit dolorem earum qui molestiae.', 5, '2024-07-24 07:41:18', '2024-07-24 07:41:18'),
(24, 21, 'Bianka Lowe', 'Est molestiae voluptates dolores iste eligendi est et doloribus. Voluptatem non nesciunt autem voluptas sed. Incidunt autem blanditiis aut dolor dicta. Debitis amet modi tempore atque eum corporis doloremque.', 2, '2024-07-24 07:41:18', '2024-07-24 07:41:18'),
(25, 24, 'Dr. Randal Weimann', 'Aut distinctio dolor eum omnis. Velit est unde quos voluptate consequuntur modi. Fugit nesciunt architecto nostrum dolores in quisquam. Non aut quibusdam dolore itaque consequatur esse enim.', 5, '2024-07-24 07:41:18', '2024-07-24 07:41:18'),
(26, 42, 'Dr. Keon Rempel', 'Voluptatibus deleniti vero quisquam enim voluptas aut ipsam. Consequatur nisi repudiandae rerum minus tempore. Corporis est soluta quaerat rerum.', 4, '2024-07-24 07:41:18', '2024-07-24 07:41:18'),
(27, 44, 'Mr. Kaley Flatley', 'Eos ipsum quo ut fuga nam. Quos iusto quis dolorem magni eveniet recusandae. Voluptas et alias alias blanditiis tempore consequatur.', 5, '2024-07-24 07:41:18', '2024-07-24 07:41:18'),
(28, 34, 'Willow Daugherty III', 'Aut exercitationem tempore et voluptatibus incidunt et asperiores. Dolorum excepturi aliquam corrupti fugit ea nostrum modi.', 3, '2024-07-24 07:41:18', '2024-07-24 07:41:18'),
(29, 21, 'Davonte Daugherty', 'Sunt accusantium sed sunt necessitatibus. Esse et cupiditate sit qui dignissimos sequi recusandae. Quidem est quis ut.', 5, '2024-07-24 07:41:18', '2024-07-24 07:41:18'),
(30, 30, 'Alec Stroman', 'Molestias sapiente rem placeat atque magnam quia. Unde eum iure ut eos deleniti. Quaerat voluptatem ipsum molestias enim consectetur tempore quisquam. Cupiditate quaerat modi dolorem nesciunt quia.', 1, '2024-07-24 07:41:18', '2024-07-24 07:41:18'),
(31, 43, 'Ms. Marian Jakubowski Sr.', 'Dolores necessitatibus repellat quam laborum nobis. Sunt ut sapiente a sed exercitationem quasi dignissimos. Maiores autem velit ducimus consectetur delectus aut nihil. Ut voluptas dolorum laborum blanditiis dignissimos aut nam. Voluptates tenetur harum reiciendis vel.', 1, '2024-07-24 07:41:18', '2024-07-24 07:41:18'),
(32, 26, 'Wilhelmine Kutch', 'Aspernatur dolores velit voluptas aut optio. Et id aut qui optio velit quam similique error. Ipsam ut vero provident rem. Cumque ratione atque nam eum corporis veritatis et.', 5, '2024-07-24 07:41:18', '2024-07-24 07:41:18'),
(33, 32, 'Mr. Jerad Connelly PhD', 'Ea iusto officiis sunt nemo saepe. Adipisci vitae aut odit velit et doloribus. Dicta illo maiores itaque quia.', 1, '2024-07-24 07:41:18', '2024-07-24 07:41:18'),
(34, 25, 'Vilma Collins', 'Quam aspernatur autem suscipit. Et ex occaecati ut. Eligendi in facere repellendus sit id recusandae modi.', 2, '2024-07-24 07:41:18', '2024-07-24 07:41:18'),
(35, 1, 'Larue Shanahan', 'Aut perferendis voluptatem id ex. Et ea nihil nulla officia. Aperiam tempore consequatur quia numquam.', 4, '2024-07-24 07:41:18', '2024-07-24 07:41:18'),
(36, 44, 'Seamus Dooley', 'Aut enim aut dolore quidem molestiae hic animi. Nam magnam natus et ab dolorem quasi aliquam. Molestias at vel hic laboriosam.', 1, '2024-07-24 07:41:18', '2024-07-24 07:41:18'),
(37, 11, 'Prof. Hillard Russel', 'Ipsa esse laudantium ut optio saepe nisi iure. Distinctio deleniti officiis qui ipsam modi at. Qui dolores amet omnis cupiditate.', 4, '2024-07-24 07:41:18', '2024-07-24 07:41:18'),
(38, 49, 'Jackie Brekke', 'Ut suscipit odit animi quidem vero nisi. Voluptas vero et est assumenda asperiores. Voluptate sed natus autem voluptas aperiam voluptates modi.', 1, '2024-07-24 07:41:18', '2024-07-24 07:41:18'),
(39, 22, 'Alfred Rodriguez', 'Qui molestiae et alias. Tempora omnis molestiae labore voluptate. Sapiente amet ut quaerat minima.', 0, '2024-07-24 07:41:18', '2024-07-24 07:41:18'),
(40, 25, 'Idella Erdman', 'Tempora ea omnis at. Vitae nam cumque labore aut libero et. Vel officia rerum numquam qui officiis suscipit dolores.', 3, '2024-07-24 07:41:18', '2024-07-24 07:41:18'),
(41, 27, 'Rosemary Bartoletti', 'Vero est et laudantium sequi. Laudantium voluptatum minima rerum laboriosam. Optio ab soluta consequatur earum modi aspernatur quo nulla.', 2, '2024-07-24 07:41:18', '2024-07-24 07:41:18'),
(42, 26, 'Mr. Florian Hauck I', 'Consequatur voluptas officiis accusantium earum quo sapiente. Similique nisi minima ratione fugit sunt nobis aperiam. Nostrum excepturi molestiae corrupti blanditiis. Laboriosam reiciendis et recusandae quaerat aut qui.', 3, '2024-07-24 07:41:18', '2024-07-24 07:41:18'),
(43, 10, 'Amparo Mayer PhD', 'Itaque dolores id quia praesentium qui reprehenderit. Dolores necessitatibus harum iste ipsum dolore. Molestias voluptate consequatur exercitationem quod consequatur adipisci. Qui accusantium eum repellat.', 3, '2024-07-24 07:41:18', '2024-07-24 07:41:18'),
(44, 23, 'Mr. Walter Raynor', 'Minima nobis ut similique magnam. Aut esse aspernatur illum consequatur.', 2, '2024-07-24 07:41:18', '2024-07-24 07:41:18'),
(45, 50, 'Ms. Darby Murray', 'Eius qui enim et et libero autem vel similique. Dolores ipsum debitis qui harum perspiciatis fuga accusamus iusto. Illo quidem quam cumque quibusdam omnis rem enim libero. Assumenda quam ipsa ut perspiciatis soluta sapiente fugit.', 4, '2024-07-24 07:41:18', '2024-07-24 07:41:18'),
(46, 37, 'Dr. Ignacio Pouros', 'Neque numquam officia autem neque ipsam eveniet. Repellendus est aliquam maiores perferendis voluptatem. Id a facere fuga voluptatibus magnam.', 0, '2024-07-24 07:41:18', '2024-07-24 07:41:18'),
(47, 35, 'Prof. Cortez Greenholt', 'Ut voluptas enim saepe nam ut dolores. Unde expedita at et omnis dolor.', 3, '2024-07-24 07:41:18', '2024-07-24 07:41:18'),
(48, 35, 'Miss Verda Kreiger', 'Eligendi aliquam qui quos velit reprehenderit quasi. Aliquid ut dicta qui dolorum fuga eveniet adipisci. Iusto in quidem hic voluptatem. Omnis eos dignissimos et non provident quaerat.', 2, '2024-07-24 07:41:18', '2024-07-24 07:41:18'),
(49, 39, 'Alden Hane', 'Aliquid necessitatibus et provident doloremque id porro. Eos aliquam laborum voluptatem laboriosam nam dignissimos asperiores. Ipsa recusandae inventore fugiat qui dolore. Voluptatem sapiente repudiandae iusto nobis dolor qui nam.', 4, '2024-07-24 07:41:18', '2024-07-24 07:41:18'),
(50, 23, 'Prof. Rebeka Luettgen', 'Totam enim corporis corrupti assumenda qui. Iusto minima impedit quaerat excepturi perferendis aperiam repellat. Officia cumque dicta accusamus ullam aut. Veritatis doloremque quo adipisci.', 1, '2024-07-24 07:41:18', '2024-07-24 07:41:18'),
(51, 2, 'Dr. Benton Bradtke IV', 'Rerum quis culpa dolore ut molestiae repudiandae eligendi consequuntur. Illo eum non quia recusandae adipisci illum.', 5, '2024-07-24 07:41:18', '2024-07-24 07:41:18'),
(52, 25, 'Mr. Rory Beatty', 'Et voluptatem quam voluptas eaque. Dicta aut ipsam a illo optio sed. Sit et nemo rerum vero.', 2, '2024-07-24 07:41:18', '2024-07-24 07:41:18'),
(53, 49, 'Madie Torphy', 'Temporibus hic aut minima possimus. Reiciendis sequi laudantium doloribus ea beatae labore neque. Sit libero quia ab rerum. Quia nulla ipsam odit velit repudiandae autem labore rerum.', 1, '2024-07-24 07:41:18', '2024-07-24 07:41:18'),
(54, 35, 'Adrianna Marvin', 'Ea reiciendis nostrum animi tempora. Accusamus ducimus non culpa est alias. Consectetur rerum mollitia esse ipsam. Illum hic excepturi id assumenda ea enim vel inventore.', 5, '2024-07-24 07:41:18', '2024-07-24 07:41:18'),
(55, 22, 'Garland Hammes', 'Exercitationem numquam dolor maxime repudiandae. Ipsam ad deserunt dignissimos doloribus. Quia qui laboriosam qui nobis. Minima nulla quibusdam accusantium eos totam officia.', 3, '2024-07-24 07:41:18', '2024-07-24 07:41:18'),
(56, 28, 'Maiya Ernser', 'Et facilis nesciunt distinctio ex sequi numquam provident. Ratione a mollitia voluptatem harum nemo. Reprehenderit dolor culpa illum doloribus aut. Maiores quas impedit blanditiis cupiditate.', 5, '2024-07-24 07:41:18', '2024-07-24 07:41:18'),
(57, 49, 'Lonnie Lynch', 'Sequi maiores itaque tempora quidem voluptatem est est. Quam quo omnis eos et deleniti. Blanditiis est laborum dolores cum totam magnam cum. Et incidunt aut voluptatibus excepturi est veniam. Deserunt nihil sint quia voluptas.', 2, '2024-07-24 07:41:18', '2024-07-24 07:41:18'),
(58, 37, 'Deondre Schuster', 'Quaerat fugiat et aut in ut eos. Animi nesciunt ut autem ut odio. Aspernatur quia nulla minus quaerat. Recusandae neque dignissimos sequi quis.', 1, '2024-07-24 07:41:18', '2024-07-24 07:41:18'),
(59, 13, 'Keaton Harvey', 'Repellendus laborum sed consequuntur deleniti earum nulla. Possimus veniam qui rem rem nostrum dicta doloremque autem.', 5, '2024-07-24 07:41:18', '2024-07-24 07:41:18'),
(60, 20, 'Lucio Senger', 'Et libero veritatis et ea quo. Recusandae illum provident dolor tempore. Vitae dolor blanditiis in officia odio. Beatae et non voluptates inventore minus dolores eligendi. At facere possimus error facere praesentium in.', 5, '2024-07-24 07:41:18', '2024-07-24 07:41:18'),
(61, 10, 'Ms. Camille Rosenbaum Sr.', 'Vel nihil laboriosam repellendus unde ea sunt. Amet qui ut enim nam eos id sit eveniet. Et enim repellat sapiente omnis ut. Dolore quis adipisci velit repellendus quis.', 0, '2024-07-24 07:41:18', '2024-07-24 07:41:18'),
(62, 36, 'Dr. Russel Dickens III', 'Facere maxime autem corporis. Maxime non ut illo quibusdam qui. Perferendis aut possimus nihil. Eos placeat voluptatem dicta aliquam.', 0, '2024-07-24 07:41:18', '2024-07-24 07:41:18'),
(63, 4, 'Mr. Domenic Cormier', 'Recusandae qui facere minus. Magnam ex est soluta rem repellat odio.', 2, '2024-07-24 07:41:18', '2024-07-24 07:41:18'),
(64, 49, 'Oleta Donnelly', 'Voluptas ipsa voluptatem cumque voluptas distinctio repellendus. Consequatur accusamus iure exercitationem et. Amet id accusamus eligendi sequi.', 3, '2024-07-24 07:41:18', '2024-07-24 07:41:18'),
(65, 47, 'Prof. Briana Abshire', 'Unde nostrum fuga sunt et est sequi harum. Alias quidem officiis sed. Autem quo beatae quia placeat amet. Alias corporis libero aut ipsa ex porro nemo.', 5, '2024-07-24 07:41:18', '2024-07-24 07:41:18'),
(66, 22, 'Janis Upton DDS', 'Voluptates odio exercitationem culpa qui aperiam et. Culpa veniam est rerum aut ipsam. Veniam sapiente est nesciunt et qui in.', 0, '2024-07-24 07:41:18', '2024-07-24 07:41:18'),
(67, 25, 'Prof. Aiyana Robel', 'Ut qui quis ab sit ut. Earum blanditiis consequatur quia consequuntur sed nostrum. Id dolor est nulla dolorem. Aut quidem et velit quos quia enim.', 5, '2024-07-24 07:41:18', '2024-07-24 07:41:18'),
(68, 27, 'Sid Ziemann', 'Animi perspiciatis est quasi tempore earum sed. Modi enim numquam laboriosam vel incidunt maiores nostrum dolorem. Aut consectetur explicabo maiores perspiciatis quidem ut quae. Molestias perferendis dolorum vel id ipsa vero.', 5, '2024-07-24 07:41:18', '2024-07-24 07:41:18'),
(69, 8, 'Adalberto Yost', 'Vero earum dolorum voluptatum enim hic. Tempore deserunt rerum odit suscipit pariatur inventore est iusto. Laborum maxime delectus delectus dolore repellat vitae quia.', 0, '2024-07-24 07:41:18', '2024-07-24 07:41:18'),
(70, 18, 'Trudie Quigley DDS', 'Cumque velit autem sit qui sit. Voluptas facilis ut eveniet placeat autem autem unde. Sed aspernatur et qui nesciunt sint. Rem est voluptate ea provident sed voluptatem accusantium vitae.', 1, '2024-07-24 07:41:18', '2024-07-24 07:41:18'),
(71, 49, 'Oswaldo Macejkovic', 'Sit excepturi a non ut. Veniam soluta blanditiis et omnis. Quod qui ipsam molestiae ipsa suscipit. Harum magnam perspiciatis qui asperiores labore et et.', 0, '2024-07-24 07:41:18', '2024-07-24 07:41:18'),
(72, 24, 'Dr. Alexis Borer IV', 'Ipsam expedita iste corporis et tenetur. Optio sint ut rerum odit voluptatibus voluptatibus. Harum sapiente unde eligendi.', 3, '2024-07-24 07:41:18', '2024-07-24 07:41:18'),
(73, 1, 'Prof. Nels Hegmann PhD', 'Omnis molestiae veritatis sit ab. Veniam est vel repellendus ea. Aperiam tempore aspernatur et.', 2, '2024-07-24 07:41:18', '2024-07-24 07:41:18'),
(74, 27, 'Ryan Stroman', 'Nulla nulla aut aliquid perspiciatis quo praesentium ipsum impedit. Consectetur ut aut voluptas aut nesciunt. Ut eius voluptas tempore magnam eum excepturi iusto dignissimos. Voluptas praesentium autem quos inventore.', 5, '2024-07-24 07:41:18', '2024-07-24 07:41:18'),
(75, 8, 'Letha Labadie', 'Amet ex cupiditate veritatis qui possimus nulla ipsa. Minus ea corrupti nobis. At vitae animi qui laborum et est optio.', 1, '2024-07-24 07:41:18', '2024-07-24 07:41:18'),
(76, 38, 'Davon Brown', 'Enim enim odit ut omnis enim temporibus. Tenetur dolor quam maiores distinctio qui voluptatem adipisci. Fugiat eum nihil neque sapiente. Voluptas maiores rerum praesentium alias nostrum in.', 0, '2024-07-24 07:41:18', '2024-07-24 07:41:18'),
(77, 25, 'Prof. Buddy Willms III', 'Omnis veritatis occaecati rerum id soluta illum. Doloremque qui ut harum non. Optio cum ut dolores accusamus. Incidunt expedita dolores ut assumenda alias qui ex rerum.', 1, '2024-07-24 07:41:18', '2024-07-24 07:41:18'),
(78, 20, 'Valentin Schiller', 'Dolor rem et eaque distinctio. Est dolores non fugiat similique ut voluptas. Pariatur blanditiis eius error sed nihil impedit unde at. Non et inventore quia voluptas.', 2, '2024-07-24 07:41:18', '2024-07-24 07:41:18'),
(79, 22, 'Delilah Deckow Jr.', 'Corrupti et assumenda quaerat officia recusandae. Et error sapiente voluptatem sint autem sint. Libero voluptate vitae a omnis id.', 3, '2024-07-24 07:41:18', '2024-07-24 07:41:18'),
(80, 34, 'Heloise Torphy', 'Voluptas voluptas natus voluptatem non sint labore vero. Mollitia aspernatur et omnis rerum corporis dolor nobis. Voluptas dolores itaque magnam commodi.', 2, '2024-07-24 07:41:18', '2024-07-24 07:41:18'),
(81, 23, 'Marlene Ledner', 'Ex voluptatibus voluptas repudiandae ut. Nesciunt consequatur neque consequatur esse perspiciatis ullam ullam ut. Ut iusto earum aut aliquid. At nihil quia similique qui eos.', 0, '2024-07-24 07:41:18', '2024-07-24 07:41:18'),
(82, 28, 'Junius Crooks', 'Et consequatur voluptatem possimus ullam iste libero ab. Delectus numquam sit nemo dolores cum dignissimos rerum. Quae asperiores quia recusandae odio expedita. Et enim et fuga tempora optio dignissimos sequi. Est inventore consequatur quas nostrum facere non.', 3, '2024-07-24 07:41:18', '2024-07-24 07:41:18'),
(83, 14, 'Jeanne Jones', 'Nulla inventore et quia optio amet ea ut. Velit nobis sit minus explicabo consectetur consequuntur aut. Est doloribus fugit ratione repudiandae eligendi ut praesentium. Ea ratione sequi et et suscipit molestiae similique. Ut qui et molestiae accusamus corporis ducimus.', 4, '2024-07-24 07:41:18', '2024-07-24 07:41:18'),
(84, 31, 'Hazel Wilderman', 'Quod ut ea eligendi voluptates in. Laudantium qui eum sunt expedita. Eaque maiores eaque aut repudiandae dolorem. Esse minima iusto tenetur et dolor iusto enim.', 2, '2024-07-24 07:41:18', '2024-07-24 07:41:18'),
(85, 29, 'Elizabeth Kutch', 'Et molestias similique illo aspernatur odio. Est velit aut voluptatem voluptate deleniti cupiditate itaque. Modi ut optio autem occaecati neque. Ullam nostrum rem corrupti.', 5, '2024-07-24 07:41:18', '2024-07-24 07:41:18'),
(86, 9, 'Ashley Tremblay MD', 'Natus at aspernatur harum laudantium eos quo omnis. Voluptas qui neque blanditiis. Enim fugiat reprehenderit aliquam.', 1, '2024-07-24 07:41:18', '2024-07-24 07:41:18'),
(87, 37, 'German Kertzmann', 'Quia ut consequatur non quibusdam sequi. Enim voluptate suscipit autem. Inventore qui in atque ullam.', 4, '2024-07-24 07:41:18', '2024-07-24 07:41:18'),
(88, 50, 'Maggie Bosco', 'Dolore eligendi et ut ullam. Sapiente voluptatem consequuntur totam ut.', 0, '2024-07-24 07:41:18', '2024-07-24 07:41:18'),
(89, 39, 'Stefan Johnston', 'Harum error similique aut quis unde. Voluptates dolor necessitatibus quam magni quisquam dolores in aut.', 0, '2024-07-24 07:41:18', '2024-07-24 07:41:18'),
(90, 50, 'Paula Sporer', 'Explicabo corporis corporis in aut non rerum. Necessitatibus odio dolorem magni et quidem est qui. Molestias architecto ipsa saepe laboriosam et repudiandae.', 1, '2024-07-24 07:41:18', '2024-07-24 07:41:18'),
(91, 9, 'Mrs. Myra Ratke V', 'Mollitia labore molestiae quo sint ut consequatur. Et molestias eveniet sit quibusdam sed ipsam voluptas. Nulla itaque saepe sunt. Aut nihil eos aliquid eos ratione.', 2, '2024-07-24 07:41:18', '2024-07-24 07:41:18'),
(92, 40, 'Maurine Hansen', 'Eum doloremque doloremque omnis et magni et cumque omnis. Natus animi odit vel voluptates autem neque aut. Pariatur magnam aliquid dicta ducimus.', 3, '2024-07-24 07:41:18', '2024-07-24 07:41:18'),
(93, 39, 'Prof. Muhammad Oberbrunner PhD', 'Tempora soluta dolores voluptates vel aut quia nobis. Modi voluptatum similique temporibus soluta quod quod ut. Accusamus molestiae qui non adipisci.', 5, '2024-07-24 07:41:18', '2024-07-24 07:41:18'),
(94, 1, 'Ms. Christine Gottlieb', 'Et voluptate quisquam id corporis et velit. Debitis quaerat alias qui ratione voluptatem ipsum. Totam id maxime voluptate quibusdam. Consequatur natus vel praesentium laboriosam voluptate.', 1, '2024-07-24 07:41:18', '2024-07-24 07:41:18'),
(95, 48, 'Marcos Morar IV', 'Maxime explicabo fugit et alias labore veritatis atque. Voluptatum impedit provident reiciendis ullam. Qui sunt natus vel quasi velit quos cum.', 1, '2024-07-24 07:41:18', '2024-07-24 07:41:18'),
(96, 6, 'Rachael McClure DDS', 'Laboriosam magnam et et necessitatibus magnam. Pariatur vel a et enim cum. Ab qui aut excepturi odit non.', 2, '2024-07-24 07:41:18', '2024-07-24 07:41:18'),
(97, 16, 'Kaylah Schoen', 'Commodi fugiat quo est explicabo qui ipsa. Aut voluptates id voluptate.', 5, '2024-07-24 07:41:18', '2024-07-24 07:41:18'),
(98, 42, 'Mrs. Lela Kassulke', 'Sunt voluptatem quae optio perspiciatis et soluta harum. Similique possimus sint ut aliquid dolorem. Asperiores maiores ab consequatur voluptatibus quasi.', 4, '2024-07-24 07:41:18', '2024-07-24 07:41:18'),
(99, 14, 'Foster Pagac IV', 'Soluta nesciunt voluptas et odit veritatis iusto. Sit et maiores nihil delectus molestiae dignissimos. Inventore velit exercitationem et consequatur sequi aut voluptates.', 0, '2024-07-24 07:41:18', '2024-07-24 07:41:18'),
(100, 45, 'Kavon Spencer MD', 'Reprehenderit officia molestiae labore sequi est molestiae impedit. Nobis doloribus quasi qui minus voluptatum et vitae. Iure et quibusdam voluptates tempore unde nostrum perferendis. Officia beatae magni explicabo doloribus.', 3, '2024-07-24 07:41:18', '2024-07-24 07:41:18'),
(101, 50, 'Prof. Caleb Bednar I', 'Esse eum modi vero id. Sed et eos quis ullam eligendi. Voluptatem quo et perferendis architecto. Molestias aliquid fugit vel deserunt.', 4, '2024-07-24 07:41:18', '2024-07-24 07:41:18'),
(102, 38, 'Nakia Abernathy', 'Asperiores et id suscipit esse debitis. Aut facere excepturi maxime voluptatum veniam voluptas inventore. Culpa molestiae quis exercitationem autem quae. Qui ut aperiam quia voluptate dolore amet cum.', 4, '2024-07-24 07:41:18', '2024-07-24 07:41:18'),
(103, 39, 'Joel Heaney', 'Quis unde officia cupiditate deleniti. Est temporibus expedita eaque voluptate. Sequi corrupti sed quas eveniet laboriosam at dolorum.', 2, '2024-07-24 07:41:18', '2024-07-24 07:41:18'),
(104, 27, 'Jane O\'Conner', 'Sed in ratione cumque commodi expedita. Pariatur eligendi nisi suscipit dicta illo distinctio.', 5, '2024-07-24 07:41:18', '2024-07-24 07:41:18'),
(105, 22, 'Yasmin Torp V', 'Sequi placeat enim illo praesentium enim. Nisi eos dolores officia exercitationem aspernatur. Qui ex sed non. Recusandae accusamus dolorem quaerat optio recusandae repellat.', 0, '2024-07-24 07:41:18', '2024-07-24 07:41:18'),
(106, 8, 'Deanna Johns DVM', 'Quo harum nesciunt ipsam dolore. Et voluptatem numquam vero quia. In asperiores ea officia. Voluptate quidem voluptatem ullam odit vel deserunt accusamus.', 3, '2024-07-24 07:41:18', '2024-07-24 07:41:18'),
(107, 49, 'Ivah Aufderhar', 'Earum vel eum accusamus odit dolorem necessitatibus rerum. Illum sit consequuntur saepe quia. Sunt voluptatibus necessitatibus et dolores veritatis libero.', 5, '2024-07-24 07:41:18', '2024-07-24 07:41:18'),
(108, 20, 'Eunice Wolff', 'Iste maxime dolorem quae facere autem eos omnis alias. Enim est quia ex quia beatae. Saepe rerum deleniti explicabo consequuntur.', 3, '2024-07-24 07:41:18', '2024-07-24 07:41:18'),
(109, 24, 'Jane Pollich', 'Aut id veritatis exercitationem quisquam recusandae voluptas et. Iste quisquam delectus perferendis. Error illo facere aut ut ut tenetur alias.', 1, '2024-07-24 07:41:18', '2024-07-24 07:41:18'),
(110, 46, 'Caroline Raynor', 'Ut possimus aut cum necessitatibus quidem neque. Sequi atque veritatis occaecati quas facilis odit. In dolor doloremque reiciendis blanditiis.', 0, '2024-07-24 07:41:18', '2024-07-24 07:41:18'),
(111, 44, 'Prof. Brandyn Mohr', 'Consequatur doloribus consequatur omnis officia tempora eos atque. Quae nostrum reprehenderit nemo dolorum officia. Magnam est et consequatur sed accusantium eaque possimus.', 4, '2024-07-24 07:41:18', '2024-07-24 07:41:18'),
(112, 25, 'Susie Heller', 'Culpa nemo aut dolore ullam velit. Ex ipsum et consequatur qui quia cumque debitis. Iusto quasi similique ipsum. Aliquid molestiae nesciunt repudiandae vero.', 2, '2024-07-24 07:41:18', '2024-07-24 07:41:18'),
(113, 49, 'Kelsie McCullough', 'Assumenda consequuntur fugit et neque a. Quas praesentium laudantium dolorem architecto.', 0, '2024-07-24 07:41:18', '2024-07-24 07:41:18'),
(114, 27, 'Trudie Weimann', 'Sit sit rerum aut vero dolores est sint. Dolorem sapiente natus et qui rerum. Voluptatem quo ratione consectetur autem.', 3, '2024-07-24 07:41:18', '2024-07-24 07:41:18'),
(115, 2, 'Christy Hermiston', 'Rem nulla qui dolorem omnis aliquid. Culpa odit et et consequatur architecto fugit nihil quas. Est placeat facilis qui facilis ratione.', 2, '2024-07-24 07:41:18', '2024-07-24 07:41:18'),
(116, 42, 'Prof. Rosalee Romaguera', 'Delectus tempora non modi. Repudiandae quia voluptatum a inventore dolor.', 3, '2024-07-24 07:41:18', '2024-07-24 07:41:18'),
(117, 21, 'Glennie Stokes', 'Fugit temporibus sit ipsa possimus accusamus repellendus officiis et. Beatae perspiciatis est nisi dolorem ea. Aut sapiente aut est omnis aliquid facilis aliquam. Perferendis sint doloremque saepe.', 1, '2024-07-24 07:41:18', '2024-07-24 07:41:18'),
(118, 25, 'Ron Labadie', 'Vitae dignissimos voluptas quaerat tenetur voluptatem omnis libero modi. Provident qui harum sint illum. Quos id explicabo sit unde illo sed aut.', 0, '2024-07-24 07:41:18', '2024-07-24 07:41:18'),
(119, 5, 'Mrs. Rosie Russel III', 'Corrupti deleniti ea dolores porro. Voluptas blanditiis reiciendis est sint necessitatibus. Sit sit voluptates consectetur dolorum.', 1, '2024-07-24 07:41:18', '2024-07-24 07:41:18'),
(120, 8, 'Prof. Peter Goyette', 'Sint repellendus minima sit maxime provident autem. Dolorum nostrum accusantium rerum suscipit in. Fugiat sequi nihil similique. Accusamus cum iure animi hic atque ipsa facere nulla.', 1, '2024-07-24 07:41:18', '2024-07-24 07:41:18'),
(121, 7, 'Victoria Doyle', 'Cumque odio quo ipsa est qui occaecati. Ad doloremque in et eos voluptas quia voluptas. Nemo iure eum ut quia quis praesentium saepe. Maxime perferendis quos et ut optio ut. Alias voluptatibus iusto occaecati.', 5, '2024-07-24 07:41:18', '2024-07-24 07:41:18'),
(122, 13, 'Felix Leuschke', 'Blanditiis deserunt qui ipsam beatae rerum. Quisquam omnis sint sunt qui est labore velit. Vero quas quasi dolor est in explicabo ipsam.', 1, '2024-07-24 07:41:18', '2024-07-24 07:41:18'),
(123, 2, 'Kayli Cummerata', 'Fugiat qui quia mollitia ut in. Et cum tempore quia voluptatem laborum rem. Sit rerum sed odit veritatis. Voluptatem molestiae asperiores distinctio quae molestiae praesentium repellendus.', 0, '2024-07-24 07:41:18', '2024-07-24 07:41:18'),
(124, 22, 'Prof. Darron Jerde', 'Dolorum consequatur dolores aspernatur sit omnis ducimus est. Cum atque repellat delectus debitis. Totam et est nisi laboriosam. Dignissimos occaecati quo sint incidunt eos.', 3, '2024-07-24 07:41:18', '2024-07-24 07:41:18'),
(125, 1, 'Ronaldo Nicolas', 'Voluptatem et aspernatur et itaque rerum omnis. Ut pariatur eius omnis repellat voluptates necessitatibus quia. Atque laboriosam deleniti totam quod.', 2, '2024-07-24 07:41:18', '2024-07-24 07:41:18'),
(126, 50, 'Prof. Madelynn Jacobs', 'Enim assumenda voluptatibus et sequi cupiditate recusandae consequatur. Unde natus culpa aliquid provident fugiat adipisci nisi. Quod et veniam omnis quo veniam quas. Quam ab et in quo sit earum accusantium eos.', 3, '2024-07-24 07:41:18', '2024-07-24 07:41:18'),
(127, 41, 'Sabina Rosenbaum', 'Pariatur dolor veritatis harum veritatis eligendi placeat saepe. Beatae ut maiores deleniti ratione voluptatem quidem. Nobis asperiores mollitia esse non soluta deleniti in. Laborum accusamus quae nesciunt atque. Dolorum perferendis repellat architecto illum ut dolores.', 1, '2024-07-24 07:41:18', '2024-07-24 07:41:18'),
(128, 2, 'Vergie Goyette', 'Vitae nihil delectus nihil voluptas non aut. Et beatae quisquam ut voluptatum mollitia veritatis neque. Quaerat et expedita id optio. Quis atque qui perferendis iure non ut quisquam.', 4, '2024-07-24 07:41:18', '2024-07-24 07:41:18'),
(129, 9, 'Dr. Alessandra Mosciski', 'Perspiciatis eum fuga a harum reiciendis aut. Mollitia ea ea quibusdam.', 2, '2024-07-24 07:41:18', '2024-07-24 07:41:18'),
(130, 34, 'Camila Reilly', 'Facere nobis qui et nobis quas magnam eum. Exercitationem quam sapiente voluptatem ut consectetur. Facilis nemo eaque ipsa repudiandae alias non. Atque consequatur facere accusantium ad sint voluptatem dolor.', 0, '2024-07-24 07:41:18', '2024-07-24 07:41:18'),
(131, 26, 'Clara Swaniawski', 'Vel dolor nam tempore quia nulla provident. Laborum sequi est itaque placeat perferendis. Minus quod in perferendis quas porro minus laborum. Ipsa ipsam aut laborum sint.', 0, '2024-07-24 07:41:18', '2024-07-24 07:41:18'),
(132, 46, 'Ms. Maiya Turcotte Jr.', 'Est laborum illum consequatur ad. Officia distinctio occaecati et eligendi tempore sit rem dolorum. Ipsam ad illo libero quaerat.', 1, '2024-07-24 07:41:18', '2024-07-24 07:41:18'),
(133, 12, 'Annie Wisozk', 'Voluptate nam suscipit et quis repudiandae. Molestiae ut fuga soluta consequatur est voluptas. Quis eveniet saepe aut. Quae id dicta suscipit qui vitae.', 2, '2024-07-24 07:41:18', '2024-07-24 07:41:18'),
(134, 11, 'Crawford Stoltenberg', 'Voluptatem maiores veritatis corporis et rem animi. Ea sed sapiente ex quibusdam. Explicabo minima rem distinctio sit sapiente.', 2, '2024-07-24 07:41:18', '2024-07-24 07:41:18'),
(135, 12, 'Aimee Greenfelder', 'Ipsam provident et tempore aut. Hic natus corporis dolore molestiae aut. Consequatur reprehenderit delectus hic accusantium doloremque eveniet sapiente. Aut officia ex possimus quasi. Placeat incidunt ullam quia debitis odio.', 0, '2024-07-24 07:41:18', '2024-07-24 07:41:18'),
(136, 11, 'Paige Torphy', 'Quae eum consectetur aut. Laborum qui illum cupiditate distinctio sint est. Cupiditate veniam culpa aut eius.', 0, '2024-07-24 07:41:18', '2024-07-24 07:41:18'),
(137, 32, 'Miss Queen Medhurst', 'Quia et eos tempora reiciendis quasi. Dolores adipisci doloremque et. Ducimus voluptate ad fugiat unde sequi vel. Perspiciatis voluptatem fugit voluptas odio praesentium qui.', 5, '2024-07-24 07:41:18', '2024-07-24 07:41:18'),
(138, 35, 'Llewellyn Tromp', 'Qui eius nam cupiditate qui rerum sed cumque reiciendis. Iure perferendis animi corrupti harum sit. Quas ad adipisci illum ratione eius dicta sit. Consequuntur quasi autem est.', 1, '2024-07-24 07:41:18', '2024-07-24 07:41:18'),
(139, 13, 'Serenity Beatty', 'Non et aspernatur et sunt praesentium. Qui aut perferendis reprehenderit. Assumenda qui deserunt atque corrupti id et nobis.', 2, '2024-07-24 07:41:18', '2024-07-24 07:41:18'),
(140, 4, 'Kenna Wilkinson', 'Vel voluptate deserunt vel ipsam blanditiis sit sit dolorem. Optio aut est et. Harum harum corporis ea fugiat consequatur deleniti. Nam qui cum eum voluptatem omnis ullam dolores.', 5, '2024-07-24 07:41:18', '2024-07-24 07:41:18'),
(141, 35, 'Vena Skiles', 'Id consectetur ut ut. Voluptatem totam iste aperiam. Dolor nihil delectus ut fuga in est. Consequuntur libero cumque minima et quidem qui qui. Occaecati accusamus aspernatur omnis nulla.', 5, '2024-07-24 07:41:18', '2024-07-24 07:41:18'),
(142, 24, 'Isaias Williamson', 'Dolores cum iste consequatur est sunt. Temporibus sed enim non autem. Et est quam nam dignissimos. Aut autem aut non molestiae minima nisi.', 3, '2024-07-24 07:41:18', '2024-07-24 07:41:18'),
(143, 40, 'Ben Wilderman', 'Ducimus rerum velit quas nobis. Provident molestiae similique quisquam quod doloremque iste.', 4, '2024-07-24 07:41:18', '2024-07-24 07:41:18'),
(144, 32, 'Ms. Amiya Beier', 'Voluptatem temporibus ut eligendi ut iusto. Adipisci sit et labore sed. Occaecati alias ipsum consequatur consequatur.', 0, '2024-07-24 07:41:18', '2024-07-24 07:41:18'),
(145, 50, 'Mr. Fred Fay', 'Illum aut aut est earum omnis rerum neque. Recusandae adipisci vel rerum praesentium sunt. In ipsam aut autem sed mollitia qui. Iure officia aspernatur et sint necessitatibus. Et reiciendis odio et laborum adipisci optio.', 5, '2024-07-24 07:41:18', '2024-07-24 07:41:18'),
(146, 44, 'Eliza DuBuque DDS', 'Sint quis odit dolores ad vero officia quis. Magnam qui voluptatem praesentium odit et nostrum porro. Molestias expedita mollitia cum distinctio vel in doloribus. Nemo aliquam molestias consequatur pariatur ullam eos veniam repellat.', 4, '2024-07-24 07:41:18', '2024-07-24 07:41:18'),
(147, 5, 'Horace Gislason', 'Et vitae sit magnam culpa. Autem nostrum dolores placeat et ratione. Et minima fugiat sapiente neque quae fugiat.', 5, '2024-07-24 07:41:18', '2024-07-24 07:41:18'),
(148, 28, 'Connor Langosh', 'Officiis sunt incidunt nostrum et veritatis qui totam. Velit qui quo autem rerum impedit cumque. Quos quasi aliquam temporibus totam fugiat voluptas.', 2, '2024-07-24 07:41:18', '2024-07-24 07:41:18'),
(149, 31, 'Mrs. Leann Collier', 'Itaque rem eum tempora facere iure eligendi. Laborum temporibus excepturi a officiis inventore. Et sed est corrupti recusandae possimus recusandae.', 2, '2024-07-24 07:41:18', '2024-07-24 07:41:18'),
(150, 4, 'Miss Leonor Bednar V', 'Voluptates harum eaque rem libero nihil perferendis atque. Consectetur eum perspiciatis amet sed recusandae quibusdam. Eaque quis iste quis temporibus et.', 0, '2024-07-24 07:41:18', '2024-07-24 07:41:18'),
(151, 19, 'Will Christiansen', 'Nisi nisi suscipit ipsum necessitatibus eum aperiam et. Ullam illo doloremque reprehenderit reprehenderit quis et. Eveniet ipsa enim nesciunt voluptatem.', 3, '2024-07-24 07:41:18', '2024-07-24 07:41:18'),
(152, 7, 'Prof. Julio Crooks MD', 'Ut ipsa voluptatibus temporibus sapiente voluptates autem. Ut sed iure enim maxime quia. Aut sint expedita minima. Sed eius et rem veritatis non sunt.', 0, '2024-07-24 07:41:18', '2024-07-24 07:41:18'),
(153, 31, 'Edythe Rogahn IV', 'Et aliquid est minima sunt perspiciatis ut. Distinctio velit totam voluptatem laboriosam accusantium laudantium dolores.', 2, '2024-07-24 07:41:18', '2024-07-24 07:41:18'),
(154, 44, 'Mrs. Rosalyn King I', 'Veniam quaerat dolor laboriosam adipisci voluptatem qui ut. Itaque dolores neque quae. Rerum at tenetur minus.', 0, '2024-07-24 07:41:18', '2024-07-24 07:41:18'),
(155, 36, 'Kacey Harber', 'Necessitatibus molestiae iure omnis odit. Cum qui rerum dolorum aliquid ex assumenda.', 0, '2024-07-24 07:41:18', '2024-07-24 07:41:18'),
(156, 6, 'Leonie Runte', 'Perspiciatis et quo et sed qui temporibus blanditiis. Aut eos sint ad ullam labore rerum. Aut quia debitis nihil soluta. Omnis hic quam asperiores sit recusandae non et quia.', 4, '2024-07-24 07:41:18', '2024-07-24 07:41:18'),
(157, 47, 'Nya Osinski', 'Debitis voluptatem qui pariatur. Rem pariatur provident iste necessitatibus quaerat. Sit ea ex quaerat quo.', 3, '2024-07-24 07:41:18', '2024-07-24 07:41:18'),
(158, 30, 'Dan Goyette', 'Commodi nostrum dicta rerum nam repudiandae consequatur debitis. Distinctio fugiat est non quibusdam. Assumenda minima est pariatur quas porro porro minima alias. Quam voluptates voluptatem est. Harum ullam cupiditate aut est nulla.', 1, '2024-07-24 07:41:18', '2024-07-24 07:41:18'),
(159, 14, 'Allan Wunsch', 'Animi non amet accusantium voluptatem tempora est sunt quo. Reprehenderit accusamus ut non. Assumenda sapiente est rerum eos explicabo ratione dolorem. Natus esse sint eos amet nemo quis rerum.', 3, '2024-07-24 07:41:18', '2024-07-24 07:41:18'),
(160, 23, 'Miss Violette Larkin Sr.', 'Impedit necessitatibus qui repudiandae labore velit eos quae. Aliquid iure dignissimos nihil numquam. Laborum aut occaecati labore id. Quod molestias commodi eligendi sed quasi explicabo.', 0, '2024-07-24 07:41:18', '2024-07-24 07:41:18'),
(161, 48, 'Lilyan Hahn', 'Fugit itaque quasi molestias tenetur eos quo id. Autem quo aut dicta consectetur enim natus est voluptatum. Corporis voluptatem veniam perspiciatis officia sed. Rerum labore dolore minus sint error doloribus.', 1, '2024-07-24 07:41:18', '2024-07-24 07:41:18'),
(162, 17, 'Cristopher Davis', 'Amet tempora magni quia aperiam voluptatum dignissimos. Quos corrupti aliquam excepturi. Ipsam neque laborum voluptatem. Quam id repellat quam distinctio maxime perferendis.', 5, '2024-07-24 07:41:18', '2024-07-24 07:41:18'),
(163, 16, 'Angela Bergstrom', 'Libero dolores aut modi facilis eaque. Quis et sed minus beatae debitis minima nam. Est perspiciatis autem tempore ullam quod velit eos. Nobis sit vero inventore quia dolore ipsa.', 5, '2024-07-24 07:41:18', '2024-07-24 07:41:18'),
(164, 35, 'Dr. Triston Harris II', 'Delectus id et ducimus delectus. Nemo nemo ipsa non. Est quis laudantium atque laudantium et. Est eligendi placeat dolorem distinctio sed soluta ut.', 5, '2024-07-24 07:41:18', '2024-07-24 07:41:18'),
(165, 50, 'Mr. Frederic Cronin DVM', 'Recusandae eligendi qui repudiandae impedit alias fuga nemo. Voluptas dolores esse consequatur et. Molestiae labore labore aperiam praesentium ut architecto. Molestias similique officia quis.', 0, '2024-07-24 07:41:18', '2024-07-24 07:41:18'),
(166, 9, 'Darren Boyle', 'Eum voluptas eaque et omnis. Eveniet veniam praesentium corrupti non id et atque. In dolores aut repudiandae voluptatibus laudantium saepe. Omnis odio tempore aut in voluptatibus.', 3, '2024-07-24 07:41:18', '2024-07-24 07:41:18'),
(167, 49, 'Opal Boyer', 'Quia id voluptas explicabo aut quae alias. Nemo et magni sequi voluptas ut rerum. Quia omnis vero dolor occaecati quo qui. Expedita voluptatem nihil quibusdam minus ex debitis aspernatur.', 3, '2024-07-24 07:41:18', '2024-07-24 07:41:18'),
(168, 5, 'Prof. Jackie Koelpin V', 'Est soluta fugiat commodi sed dolorem culpa. Voluptas assumenda qui eos suscipit modi debitis qui. Asperiores voluptatibus quidem voluptas est. Corrupti explicabo nam impedit pariatur nam. Nesciunt suscipit ipsa eaque ut rerum sint.', 3, '2024-07-24 07:41:18', '2024-07-24 07:41:18'),
(169, 9, 'Maximilian Swift', 'Esse adipisci quae pariatur consequatur fugit adipisci modi. Quia est est similique commodi autem ratione. Est veniam et molestiae voluptatum quae voluptates quibusdam. Omnis incidunt voluptas nisi eius consectetur quo officia dolorem.', 3, '2024-07-24 07:41:18', '2024-07-24 07:41:18'),
(170, 10, 'Kyleigh Block II', 'Architecto et enim sint beatae distinctio quaerat. Velit expedita porro non consequatur aut. Aut sequi cupiditate rem non harum.', 2, '2024-07-24 07:41:18', '2024-07-24 07:41:18'),
(171, 27, 'Brisa Pagac', 'Laboriosam quo voluptate et sed eum sunt quidem. Aut quo sit commodi quia libero eum voluptatem. Exercitationem velit ut nostrum velit.', 5, '2024-07-24 07:41:18', '2024-07-24 07:41:18'),
(172, 38, 'Mr. Kim Schowalter IV', 'Et dicta laudantium vel rerum provident molestiae quae. Non temporibus dolorem sit est et voluptatum. Voluptatum voluptas voluptatum esse dolorem. Quia omnis saepe enim temporibus placeat nihil ipsum aliquam.', 0, '2024-07-24 07:41:18', '2024-07-24 07:41:18'),
(173, 11, 'Ms. Maggie Zieme PhD', 'Velit cupiditate et eveniet. Molestias fugiat impedit accusamus in officia quia. Maiores consectetur itaque distinctio atque odit.', 3, '2024-07-24 07:41:18', '2024-07-24 07:41:18'),
(174, 20, 'Andreanne Christiansen', 'Cupiditate odit id quibusdam atque iure omnis vel. Et beatae hic saepe qui corporis amet. Esse illum consequatur maxime praesentium alias veritatis.', 3, '2024-07-24 07:41:18', '2024-07-24 07:41:18'),
(175, 12, 'Miss Telly Stanton DDS', 'Omnis iure sapiente qui consectetur tenetur mollitia. Quo maxime error tempora voluptatem earum natus at nesciunt. Iusto omnis sed nihil dolore velit et. Debitis harum blanditiis est amet recusandae iure saepe voluptatem. In molestiae dolor eum debitis.', 5, '2024-07-24 07:41:18', '2024-07-24 07:41:18'),
(176, 17, 'Demario Kuphal', 'Hic qui laboriosam et vel est magni ea. Consequatur dicta aliquam ipsum.', 5, '2024-07-24 07:41:18', '2024-07-24 07:41:18'),
(177, 16, 'Rocio Nolan', 'Aut possimus unde non officia quaerat. Expedita aut ut autem in. Est harum ipsa voluptas ex. Corrupti unde aspernatur enim. Est maxime consequatur debitis natus ex et.', 1, '2024-07-24 07:41:18', '2024-07-24 07:41:18'),
(178, 50, 'Prof. Marguerite Schmidt MD', 'Accusantium asperiores vel enim voluptas voluptates deleniti. Aliquam id sed est amet ea. Fuga sint atque error rerum ex sint. Doloremque velit veniam quos qui.', 4, '2024-07-24 07:41:18', '2024-07-24 07:41:18'),
(179, 50, 'Estefania Spencer', 'Voluptatibus sequi omnis eligendi laboriosam. Praesentium odit corrupti accusantium in sit. Aut corrupti nam temporibus et et expedita. Id assumenda quod est quidem temporibus aut repellendus. Eos sunt quod quis debitis voluptatem.', 5, '2024-07-24 07:41:18', '2024-07-24 07:41:18'),
(180, 32, 'Dario Mann', 'Laudantium velit recusandae iste quo nobis. Nulla sit quaerat aut est enim consectetur. Libero et incidunt et doloribus quod ut. Illo velit mollitia aut modi repellat ab.', 3, '2024-07-24 07:41:18', '2024-07-24 07:41:18'),
(181, 43, 'Mr. Harmon Murazik', 'Saepe dignissimos temporibus provident illo veritatis nihil cum. Mollitia commodi inventore in quisquam excepturi. Praesentium deserunt eligendi tenetur nemo omnis. Fugit qui sed eum.', 4, '2024-07-24 07:41:18', '2024-07-24 07:41:18'),
(182, 30, 'Pink Padberg', 'Aut sint autem nihil aperiam neque voluptatum dicta. Culpa dolores quos libero et rerum qui tempore. Quo porro omnis est sit possimus doloribus suscipit. Repellendus a consequatur ad ut.', 1, '2024-07-24 07:41:18', '2024-07-24 07:41:18'),
(183, 26, 'Dr. Macy Sporer', 'Voluptates non aperiam neque molestiae. Magni voluptatem modi sint labore animi. Facere ipsum necessitatibus cumque voluptas animi voluptas in. Labore aut nostrum quo ut tenetur quia.', 3, '2024-07-24 07:41:18', '2024-07-24 07:41:18'),
(184, 7, 'Perry Durgan', 'Quis molestiae dolore facere adipisci provident et voluptas. Ut nesciunt quia voluptates eligendi voluptatem quis facilis. Qui at quis ratione totam ad dolor cumque mollitia.', 1, '2024-07-24 07:41:18', '2024-07-24 07:41:18'),
(185, 12, 'Abelardo Olson', 'Numquam laudantium eos doloribus porro esse molestias nesciunt est. Accusamus animi iusto nesciunt odio consequatur. Tenetur quis in dolorem reiciendis est. Ducimus voluptatem quasi qui inventore nostrum perferendis quo ex.', 3, '2024-07-24 07:41:18', '2024-07-24 07:41:18'),
(186, 50, 'Deshaun Zulauf Sr.', 'Quisquam laborum architecto vitae eveniet earum error aut. Laudantium non occaecati quia ducimus asperiores. Ducimus alias eos quis doloremque.', 5, '2024-07-24 07:41:18', '2024-07-24 07:41:18'),
(187, 41, 'Eric Will', 'Eius asperiores repudiandae iste. Corrupti pariatur molestiae asperiores odit. Molestias unde est reiciendis cum. Sed a aliquid voluptatum dolor dolore.', 1, '2024-07-24 07:41:18', '2024-07-24 07:41:18'),
(188, 18, 'Lila Vandervort', 'Eum est ipsa voluptatem voluptatibus odio et. Sint quis porro illo. Vel fuga ut incidunt aut vitae. Inventore molestiae adipisci ab minima illo sed eum.', 0, '2024-07-24 07:41:18', '2024-07-24 07:41:18'),
(189, 26, 'Daron Anderson V', 'Similique autem doloribus saepe blanditiis dignissimos magni est autem. At ab occaecati non qui dicta. Ut et facilis vero occaecati blanditiis. Commodi consectetur ex minima ipsum ab eveniet repellendus.', 3, '2024-07-24 07:41:18', '2024-07-24 07:41:18'),
(190, 18, 'Elvera Gerlach', 'Aperiam atque ipsa aut possimus occaecati dolorum est. Laudantium rerum impedit voluptatem non aspernatur. Distinctio enim autem velit voluptatem.', 2, '2024-07-24 07:41:18', '2024-07-24 07:41:18'),
(191, 20, 'Amanda Rath', 'Temporibus et sunt in eveniet. Dignissimos perferendis tempore omnis expedita. Ipsa eos quasi et magni et.', 0, '2024-07-24 07:41:18', '2024-07-24 07:41:18'),
(192, 47, 'Charlie Bartoletti', 'Voluptatum sed dolore ex labore aut sit eum. Quis sit perspiciatis veniam aut. Doloremque enim qui accusamus odio eaque sed ex.', 2, '2024-07-24 07:41:18', '2024-07-24 07:41:18'),
(193, 39, 'Nayeli Funk', 'Quidem veniam voluptas tempore aut. Rem placeat qui voluptas eaque praesentium. Qui unde ut facilis et ipsum. Quidem aliquid enim non qui et quam unde.', 5, '2024-07-24 07:41:18', '2024-07-24 07:41:18'),
(194, 44, 'Vincent Green', 'Rem distinctio est et et. Corrupti ut ut nisi error minima perspiciatis. Quo cumque doloribus consequatur deleniti.', 0, '2024-07-24 07:41:18', '2024-07-24 07:41:18'),
(195, 6, 'Dr. Rigoberto Bode II', 'Odit non aut consequatur asperiores ut aliquam. Accusantium error architecto eos distinctio qui. Omnis praesentium atque illo id atque et tenetur.', 2, '2024-07-24 07:41:18', '2024-07-24 07:41:18'),
(196, 40, 'Ariane Schneider', 'Laborum non eligendi non earum. Et aspernatur expedita quo nulla consectetur doloribus quis. Sit error a quis. Aperiam ea quaerat autem dolor.', 0, '2024-07-24 07:41:18', '2024-07-24 07:41:18'),
(197, 19, 'Dina Gulgowski DDS', 'Sed distinctio pariatur ut voluptas impedit fuga qui. Fuga sit quia a iure. Amet quia dolore porro soluta.', 5, '2024-07-24 07:41:18', '2024-07-24 07:41:18'),
(198, 47, 'Jerad Padberg', 'Consectetur est et enim eos voluptatem nihil sunt. Debitis quia qui sunt aut voluptas. Ut velit quibusdam ut rem dolore qui odio consequuntur. Beatae minus quasi voluptates libero.', 5, '2024-07-24 07:41:18', '2024-07-24 07:41:18'),
(199, 25, 'Kamron Brekke', 'Repudiandae delectus ut dolorem voluptatem quis. Perspiciatis dolorem provident aut et. Cum enim sed eos tempore rerum. Delectus alias dignissimos dolores quas iusto. Expedita placeat earum velit voluptatem.', 0, '2024-07-24 07:41:18', '2024-07-24 07:41:18'),
(200, 5, 'Nathen VonRueden', 'Incidunt ullam qui dicta omnis doloremque voluptatem doloribus exercitationem. Soluta et velit aut itaque ut commodi. Esse et voluptatem voluptas recusandae et occaecati minima.', 1, '2024-07-24 07:41:18', '2024-07-24 07:41:18'),
(201, 49, 'Dorian Osinski', 'Ratione quo aut provident laborum officiis unde. Veniam repudiandae facere explicabo voluptatem impedit. Qui vitae deleniti sequi doloremque voluptas explicabo.', 0, '2024-07-24 07:41:18', '2024-07-24 07:41:18'),
(202, 5, 'Prof. Esteban Marvin III', 'Voluptas perferendis aliquam ut temporibus. Sint et at eum omnis voluptates aut sint eos. Minima dolorum atque tempore sed.', 5, '2024-07-24 07:41:18', '2024-07-24 07:41:18'),
(203, 18, 'Winfield Gottlieb', 'Ullam aut et placeat et non fugiat sunt. Occaecati ad ut est. Molestiae praesentium et sint quia qui omnis. Quo libero eos qui consequuntur minima consequatur consequuntur.', 1, '2024-07-24 07:41:18', '2024-07-24 07:41:18'),
(204, 22, 'Kiarra McDermott V', 'Sapiente ratione numquam labore deserunt neque. Modi facilis laborum blanditiis ipsum nihil est. Neque cum ad velit voluptas eos. Quod deleniti quia quisquam dolores id in. Numquam nihil repellat quae.', 1, '2024-07-24 07:41:18', '2024-07-24 07:41:18'),
(205, 20, 'Prof. Shanel Collier', 'Facilis eos hic rem pariatur. Optio libero voluptatem voluptatum ex saepe dolorem placeat. Nam nihil dolorem est sint molestias culpa.', 4, '2024-07-24 07:41:18', '2024-07-24 07:41:18'),
(206, 39, 'Katharina Oberbrunner IV', 'A dignissimos aut nostrum error inventore inventore. Commodi itaque autem autem aliquam aspernatur voluptatem ut. Aspernatur ea accusantium ad dicta sed dolor.', 2, '2024-07-24 07:41:18', '2024-07-24 07:41:18'),
(207, 34, 'Lincoln Heaney IV', 'Rerum ut eos quis cum dolores dolores et. Omnis officiis harum vitae nobis doloribus sed sit repellendus. Cupiditate dolor quam quia non ut. Error aut commodi consequuntur qui rerum repellendus.', 1, '2024-07-24 07:41:18', '2024-07-24 07:41:18'),
(208, 1, 'Prof. Kaleigh Feil', 'Omnis consequatur asperiores quisquam ut iste in. Enim est commodi sit eos necessitatibus pariatur. Velit autem et dolor asperiores quos.', 5, '2024-07-24 07:41:18', '2024-07-24 07:41:18');
INSERT INTO `reviews` (`id`, `product_id`, `customer`, `review`, `star`, `created_at`, `updated_at`) VALUES
(209, 37, 'Melissa Stroman DVM', 'Repellendus consequatur deserunt maxime earum. Quis modi esse labore aperiam ut magnam harum rerum. Animi animi impedit nobis maxime fugit possimus et.', 0, '2024-07-24 07:41:18', '2024-07-24 07:41:18'),
(210, 37, 'Scot Kunze V', 'Rerum veniam cupiditate ut officiis. Sed quibusdam incidunt et ut odio minus iure. Velit natus sed officia repellat est ut labore alias.', 3, '2024-07-24 07:41:18', '2024-07-24 07:41:18'),
(211, 9, 'Paris Fisher', 'Aliquam sequi eos eius debitis commodi aut quis. Consequuntur distinctio nemo doloremque in.', 2, '2024-07-24 07:41:18', '2024-07-24 07:41:18'),
(212, 24, 'Haleigh Monahan', 'Eum nemo voluptatem pariatur eligendi nam placeat. Magni dolore quia qui. Eum laudantium ut voluptatem hic nisi recusandae sint velit.', 3, '2024-07-24 07:41:18', '2024-07-24 07:41:18'),
(213, 41, 'Geovanny Nicolas DVM', 'Velit perferendis esse et ipsam. Omnis doloremque amet ut autem dolore. Eos sunt sint commodi soluta minima temporibus adipisci.', 3, '2024-07-24 07:41:18', '2024-07-24 07:41:18'),
(214, 2, 'Mrs. Donna Fadel DVM', 'Rerum quasi illo sit nisi ullam nulla molestiae ipsum. Ipsa a nam dolores ullam. Et illum temporibus repellendus.', 2, '2024-07-24 07:41:18', '2024-07-24 07:41:18'),
(215, 47, 'Landen Herman Jr.', 'Eum libero magnam totam. Magni expedita quisquam iure sit unde. Assumenda commodi modi eos quis reiciendis blanditiis.', 4, '2024-07-24 07:41:18', '2024-07-24 07:41:18'),
(216, 49, 'Danielle Mraz', 'Exercitationem laborum velit qui ipsa eius. Dolorem doloremque ducimus et cum quam. Sequi corrupti beatae ad. Nemo autem voluptatibus voluptatibus in officia eaque vel.', 0, '2024-07-24 07:41:18', '2024-07-24 07:41:18'),
(217, 10, 'Zechariah Littel IV', 'Accusamus eum itaque dolore est. Nostrum enim adipisci sequi veritatis optio. Laudantium est similique sit reiciendis.', 1, '2024-07-24 07:41:18', '2024-07-24 07:41:18'),
(218, 31, 'Mrs. Kara Schneider', 'Blanditiis ea temporibus voluptatem illo doloremque porro tempora. Ratione excepturi vero ad sint ut sit. Excepturi repellendus blanditiis et perferendis ut nam aut. Quia aliquid nihil soluta sit nostrum nemo molestias. Assumenda harum in quisquam perspiciatis sit.', 1, '2024-07-24 07:41:18', '2024-07-24 07:41:18'),
(219, 30, 'Rudolph Gibson', 'At alias tempora aliquam beatae ut. Repellat sint nemo qui voluptatibus cumque doloribus modi ducimus. Nesciunt totam repellat occaecati assumenda distinctio. Sapiente laudantium vero quasi voluptatem amet.', 2, '2024-07-24 07:41:18', '2024-07-24 07:41:18'),
(220, 50, 'Anastacio Homenick', 'Odio officia animi quae ipsam ut est. Vitae reprehenderit voluptate omnis provident perspiciatis repellendus quae. Cupiditate cupiditate et consectetur nobis.', 2, '2024-07-24 07:41:18', '2024-07-24 07:41:18'),
(221, 30, 'Prof. Guido Monahan', 'Quas est enim veritatis numquam magnam nam possimus. Eligendi asperiores impedit qui quae sapiente et officia. Asperiores dolores aperiam est.', 4, '2024-07-24 07:41:18', '2024-07-24 07:41:18'),
(222, 40, 'Dr. Sam Boehm I', 'Numquam itaque alias eaque enim. Distinctio iure vitae voluptatem accusamus amet. Harum culpa aut adipisci cum ipsa magni. Nobis rerum alias tempora atque tempora non est ut. Et reprehenderit velit tempore dolorem officia sed.', 2, '2024-07-24 07:41:18', '2024-07-24 07:41:18'),
(223, 40, 'Clemmie Mohr', 'Et dolor aut aut quas et. Similique non officia tempore aspernatur ab sit consequatur. Rerum quis aut est inventore amet asperiores.', 4, '2024-07-24 07:41:18', '2024-07-24 07:41:18'),
(224, 42, 'Magdalena Emard', 'Dolor nisi officiis perferendis et quia et. Odio unde dolores provident. Corrupti magni ullam reiciendis repellendus.', 4, '2024-07-24 07:41:18', '2024-07-24 07:41:18'),
(225, 36, 'Mr. Finn Lebsack', 'Sed hic voluptatibus adipisci voluptatem perferendis. Et qui et nihil quas fugit ut. Quaerat enim vitae blanditiis est qui. Voluptatem et distinctio officia aut magni ipsa et assumenda. Perferendis quis temporibus nulla dolore maxime.', 3, '2024-07-24 07:41:18', '2024-07-24 07:41:18'),
(226, 22, 'Coralie Kutch IV', 'Earum quisquam iste quasi. Vel repellat corrupti delectus officiis. Asperiores et non veniam quidem voluptates. Quis eveniet iusto ducimus adipisci et repellendus voluptas.', 3, '2024-07-24 07:41:18', '2024-07-24 07:41:18'),
(227, 13, 'Zoila Hodkiewicz', 'Et eligendi minima et delectus. Dignissimos et reprehenderit rerum illo iusto voluptatem. Qui asperiores optio architecto dignissimos tenetur recusandae illum.', 2, '2024-07-24 07:41:18', '2024-07-24 07:41:18'),
(228, 5, 'Haley Hamill', 'Vitae quaerat dolor qui molestiae possimus est sequi. Qui et animi et quisquam et iste sed asperiores. Velit eaque officia quae cum. Consequatur iusto eius placeat.', 4, '2024-07-24 07:41:18', '2024-07-24 07:41:18'),
(229, 13, 'Dusty Kessler', 'Maxime a consequuntur autem occaecati quis illo ipsum. Est dolores quos excepturi in sapiente. Debitis corrupti voluptatum et natus rerum.', 1, '2024-07-24 07:41:18', '2024-07-24 07:41:18'),
(230, 15, 'Bessie Murazik', 'Sed consectetur vel ea sint. Ullam est sint magni dolores. Delectus animi nihil ea ipsa dolorem qui debitis et. Mollitia et qui nisi exercitationem et qui et.', 0, '2024-07-24 07:41:18', '2024-07-24 07:41:18'),
(231, 35, 'Nella Konopelski DDS', 'Rem doloremque quae et et et blanditiis voluptas fuga. Debitis perferendis aut voluptatibus beatae. Qui eaque porro voluptatem.', 0, '2024-07-24 07:41:18', '2024-07-24 07:41:18'),
(232, 38, 'Janis Bins', 'Esse debitis et rerum ut. Dolorem temporibus atque placeat aut. Aut sed natus hic temporibus aut.', 3, '2024-07-24 07:41:18', '2024-07-24 07:41:18'),
(233, 3, 'Adaline Herzog PhD', 'Suscipit ipsum quis incidunt enim expedita culpa. Repellat deleniti quis modi sequi distinctio officia repudiandae exercitationem. Ut nisi placeat ratione est quo. Molestias excepturi velit expedita sed vitae magnam recusandae.', 0, '2024-07-24 07:41:18', '2024-07-24 07:41:18'),
(234, 40, 'Mathias Ortiz', 'Nihil animi quaerat dolores exercitationem sed adipisci adipisci. Minima deleniti qui quia velit. Quae laboriosam quas velit fugiat ipsa occaecati facere. Quia vel earum ut omnis.', 4, '2024-07-24 07:41:18', '2024-07-24 07:41:18'),
(235, 34, 'Prof. Merlin Runolfsdottir', 'Dolor harum rerum cumque ut. Nemo ipsam iusto et quia et nulla. Molestiae vel et laboriosam eos. Laborum nobis dignissimos voluptatem pariatur odio.', 1, '2024-07-24 07:41:18', '2024-07-24 07:41:18'),
(236, 11, 'Chelsie Crona', 'Enim quo cum et earum architecto voluptate voluptate. Eaque et adipisci nesciunt dolorum voluptas. Et est ex consequatur illum nam. Facilis a rerum ad quos.', 4, '2024-07-24 07:41:18', '2024-07-24 07:41:18'),
(237, 42, 'Maude Spencer', 'Ut eum molestias reprehenderit blanditiis consequatur. Eaque quos qui sint est molestiae nisi. Rem sequi ullam aspernatur ratione libero incidunt.', 5, '2024-07-24 07:41:18', '2024-07-24 07:41:18'),
(238, 34, 'Kimberly Will', 'Consequatur sit libero fuga veritatis ea qui eum ratione. Et et quisquam dolorem est voluptatum. Explicabo esse sapiente qui quia. Ipsa ut culpa voluptas et quod.', 0, '2024-07-24 07:41:18', '2024-07-24 07:41:18'),
(239, 10, 'Newton Herzog', 'Rem fugit qui modi qui blanditiis consequuntur accusantium. Adipisci dolores necessitatibus et. Quo voluptatem et qui. Libero at dolorem asperiores architecto non.', 0, '2024-07-24 07:41:18', '2024-07-24 07:41:18'),
(240, 32, 'Ignatius Schmeler', 'Temporibus voluptatem illo facere minima. Deserunt consectetur sunt voluptas voluptas. Non delectus et reprehenderit recusandae cumque non. Autem qui dolores et.', 2, '2024-07-24 07:41:18', '2024-07-24 07:41:18'),
(241, 26, 'Mr. Jamey Olson Jr.', 'Dolorem laboriosam et dolorem ea qui distinctio aut consequatur. Facilis neque in ipsa. Amet quia sequi cum necessitatibus.', 2, '2024-07-24 07:41:18', '2024-07-24 07:41:18'),
(242, 21, 'Elisabeth Bauch', 'Nihil omnis rem aut dignissimos fugiat aut voluptatem. Non laboriosam non laboriosam. Soluta laudantium mollitia quia.', 1, '2024-07-24 07:41:18', '2024-07-24 07:41:18'),
(243, 34, 'Koby Jacobs', 'Rerum impedit cum ut officiis eaque rem excepturi. Laudantium omnis velit sint. Nihil laboriosam officia id quo a dolorum corporis. Similique impedit est non odit.', 5, '2024-07-24 07:41:18', '2024-07-24 07:41:18'),
(244, 45, 'Prof. Hugh Cartwright PhD', 'Molestias reiciendis saepe temporibus illum ipsa. Blanditiis quasi inventore sint quo. Consequuntur eius repellat illum nostrum odio consectetur et aut.', 5, '2024-07-24 07:41:18', '2024-07-24 07:41:18'),
(245, 20, 'Miss Carlee Brown', 'Necessitatibus harum aspernatur tempore expedita qui expedita est. Aliquid quia voluptas in fugit natus. Laudantium et culpa sequi quia.', 1, '2024-07-24 07:41:18', '2024-07-24 07:41:18'),
(246, 24, 'Ms. Irma Rohan V', 'Maiores sed consequuntur dolorem. Consectetur consequatur maiores voluptas quas ipsam quis. Occaecati amet aut ipsa incidunt saepe et. Reprehenderit esse magni consequuntur facere exercitationem voluptatem.', 4, '2024-07-24 07:41:18', '2024-07-24 07:41:18'),
(247, 7, 'Travis Gutmann', 'Explicabo aut eos ratione beatae exercitationem placeat. Ea aut in aperiam. Accusamus consequatur autem quam est modi.', 3, '2024-07-24 07:41:18', '2024-07-24 07:41:18'),
(248, 30, 'Dr. Keyshawn Weissnat', 'Et adipisci et et omnis. Delectus quia enim officiis et eum. Rem quia rerum soluta nisi laborum. Eius est labore laudantium reiciendis nemo.', 1, '2024-07-24 07:41:18', '2024-07-24 07:41:18'),
(249, 18, 'Josephine Harris', 'Odit est velit nam nulla sint facere. Quisquam ut dolor amet qui corrupti sunt aspernatur. Provident eos laboriosam qui consequuntur voluptates aut.', 5, '2024-07-24 07:41:18', '2024-07-24 07:41:18'),
(250, 23, 'Miss Ashlynn Barrows I', 'Consequatur temporibus consequatur sed harum rerum voluptatum omnis fugit. Recusandae corrupti voluptas repudiandae et maiores rerum placeat aut. In vero similique beatae facere voluptatem enim sint velit.', 1, '2024-07-24 07:41:18', '2024-07-24 07:41:18'),
(251, 8, 'Bernardo Yost Sr.', 'Laudantium perferendis sunt eius voluptas nihil. Id autem nobis aut vel voluptates illum. Quis in tenetur quis commodi tempora delectus sed harum.', 1, '2024-07-24 07:41:18', '2024-07-24 07:41:18'),
(252, 37, 'Dr. Gonzalo McClure PhD', 'Neque eos harum est et. Maxime perspiciatis dolor corporis accusantium voluptatem. Id nulla possimus quibusdam accusamus quidem.', 2, '2024-07-24 07:41:18', '2024-07-24 07:41:18'),
(253, 19, 'Kale Little', 'Quas deserunt minima porro ad dicta. Fugiat quia sunt tempore omnis qui nobis aut. Dolor ipsam quisquam at. Numquam molestias est fugit architecto aut sunt.', 4, '2024-07-24 07:41:18', '2024-07-24 07:41:18'),
(254, 30, 'Miss Sister Collins PhD', 'Laboriosam labore ratione qui consectetur aspernatur et illum. Quae optio quos omnis animi voluptatem et. Facilis necessitatibus est repellendus ratione quas totam. Sint incidunt recusandae dolor labore vero omnis. Consequatur est recusandae hic ullam amet.', 5, '2024-07-24 07:41:18', '2024-07-24 07:41:18'),
(255, 9, 'Genevieve Muller', 'Rerum optio sunt omnis vel fuga. Ipsum tenetur voluptate quibusdam veniam mollitia facere. Et et et sequi voluptatem dolores.', 5, '2024-07-24 07:41:18', '2024-07-24 07:41:18'),
(256, 42, 'Dr. Esther Keebler DVM', 'Quas deserunt neque placeat unde. Incidunt nam quisquam aliquid quia et ut ut. Enim sit excepturi repellat corporis dolores facilis.', 4, '2024-07-24 07:41:18', '2024-07-24 07:41:18'),
(257, 38, 'Dr. Aglae Upton DDS', 'Voluptates earum eaque molestiae maiores velit a ea. Consequatur illo et voluptatem eum. Et quia culpa nam voluptatem.', 1, '2024-07-24 07:41:18', '2024-07-24 07:41:18'),
(258, 2, 'Ms. Oceane Rau', 'Ea illo facere consequatur. Velit ut dolor provident. Deserunt voluptatem iusto facilis voluptatem quia quis.', 1, '2024-07-24 07:41:18', '2024-07-24 07:41:18'),
(259, 4, 'Abelardo Cormier Sr.', 'Consequatur omnis est necessitatibus quia voluptatibus quas ad. Error impedit quibusdam non voluptatem. Est aperiam placeat quisquam soluta.', 5, '2024-07-24 07:41:18', '2024-07-24 07:41:18'),
(260, 24, 'Mrs. Esta McLaughlin PhD', 'At ut impedit vitae facere at et. Aut eligendi enim quia. Quam rerum commodi sint id.', 5, '2024-07-24 07:41:18', '2024-07-24 07:41:18'),
(261, 36, 'Wilber Purdy', 'Asperiores veritatis fugit vel laborum et omnis recusandae. Qui id voluptatem minima quibusdam voluptatem. Placeat cum ut ex impedit iusto accusamus.', 1, '2024-07-24 07:41:18', '2024-07-24 07:41:18'),
(262, 43, 'Ms. Tiara Waters PhD', 'Corporis illo eos sint accusamus totam eius magni et. Qui tempore est rerum dicta magni animi.', 3, '2024-07-24 07:41:18', '2024-07-24 07:41:18'),
(263, 23, 'Ruth Kautzer', 'Optio illum cum aut fuga. Ea autem eveniet tempore ab harum placeat.', 1, '2024-07-24 07:41:18', '2024-07-24 07:41:18'),
(264, 11, 'Maverick Prohaska', 'Sapiente facere totam reiciendis aperiam non nam a ut. Est deserunt natus amet quibusdam. Ut provident sint delectus ad quibusdam deserunt. Maiores nulla voluptatibus quis. Commodi sint qui at omnis maxime iste.', 2, '2024-07-24 07:41:18', '2024-07-24 07:41:18'),
(265, 3, 'Roxanne Gutmann', 'Est earum ut non. Illum recusandae iure consequatur. Doloribus maiores ratione doloremque nobis.', 0, '2024-07-24 07:41:18', '2024-07-24 07:41:18'),
(266, 37, 'Abdullah Olson MD', 'Provident rerum et magni rerum excepturi perferendis atque error. Natus et esse dolores illum enim. Consequuntur perferendis vero neque praesentium aut est. Voluptas et odit asperiores quo et quo repudiandae.', 5, '2024-07-24 07:41:18', '2024-07-24 07:41:18'),
(267, 5, 'Jerrold Johnson PhD', 'Aperiam est culpa velit. Similique sed adipisci eos id sunt. Amet quasi est assumenda qui aliquid alias eum ipsam. Ut sunt sit sapiente dolor optio.', 3, '2024-07-24 07:41:18', '2024-07-24 07:41:18'),
(268, 36, 'Winona Smitham', 'Ut distinctio ipsum quo voluptatem facere. Totam deserunt eveniet laudantium eveniet voluptates unde eos. Voluptatem exercitationem deleniti enim.', 2, '2024-07-24 07:41:18', '2024-07-24 07:41:18'),
(269, 24, 'Alphonso Stanton', 'Dolorem asperiores possimus possimus omnis dolores voluptatum rerum eum. Fuga odio vel sit ut consequuntur quibusdam. Dolores temporibus quo suscipit voluptatem perferendis voluptates.', 2, '2024-07-24 07:41:18', '2024-07-24 07:41:18'),
(270, 2, 'Lucy Kerluke', 'Aut rerum sit error voluptatem unde dolor. Expedita tempora aut quidem sed. Eligendi quia et voluptatem voluptate. Magni aut debitis eveniet magni.', 1, '2024-07-24 07:41:18', '2024-07-24 07:41:18'),
(271, 2, 'Mr. Earnest Frami', 'Iure rem ipsum et quas corrupti ab. Ducimus rerum nam molestias aspernatur est iusto. Saepe qui rerum sit deleniti et cumque sed. Est alias omnis eius aut non.', 3, '2024-07-24 07:41:18', '2024-07-24 07:41:18'),
(272, 40, 'Dr. Lilian Smith', 'Repellendus quidem ut vitae distinctio qui ut laboriosam. Dolor voluptas optio est perspiciatis excepturi cupiditate. Sint architecto est at quam eos distinctio aut.', 2, '2024-07-24 07:41:18', '2024-07-24 07:41:18'),
(273, 18, 'Tristin Larkin', 'Eos tempore officiis libero ut. Perspiciatis saepe et voluptas voluptatem doloribus eos aut. Quisquam voluptatem harum omnis nisi voluptates est in repellendus.', 0, '2024-07-24 07:41:18', '2024-07-24 07:41:18'),
(274, 24, 'Juston Tremblay', 'Debitis et suscipit et iusto ullam consequatur. Non suscipit similique quae. Aliquid error sit quisquam et et sed. Ducimus est et debitis rerum.', 0, '2024-07-24 07:41:18', '2024-07-24 07:41:18'),
(275, 1, 'Ms. Leanne Baumbach II', 'Dolorem qui sit quo. Sit animi dolor incidunt ut. Voluptatum ea quo in qui sed excepturi dolores. Quia nam accusantium eum atque qui iure odio. Velit delectus velit ea odio est cum nulla veritatis.', 4, '2024-07-24 07:41:18', '2024-07-24 07:41:18'),
(276, 21, 'Mr. Price Kuhn', 'Necessitatibus dolores nobis nisi voluptas pariatur aliquam atque. Et quo ducimus consequatur porro neque. Reprehenderit aliquid repellat nihil libero a itaque maiores.', 2, '2024-07-24 07:41:18', '2024-07-24 07:41:18'),
(277, 45, 'Reagan Heidenreich', 'Ipsum asperiores nihil fugiat nobis non. Dolor eum harum necessitatibus et.', 4, '2024-07-24 07:41:18', '2024-07-24 07:41:18'),
(278, 40, 'Prof. Ibrahim McGlynn', 'Voluptas dolor quia at blanditiis repudiandae et. Repellat cum error et cum doloribus.', 1, '2024-07-24 07:41:18', '2024-07-24 07:41:18'),
(279, 9, 'Cristopher Cummerata', 'Commodi mollitia qui beatae consequatur. Dolorem tempora explicabo nobis sed aut maiores tempora. Repellendus et incidunt vitae illum non consequatur. Consequatur in eaque fugiat.', 1, '2024-07-24 07:41:18', '2024-07-24 07:41:18'),
(280, 16, 'Nikki Fahey', 'Illum maiores suscipit animi laboriosam. Ut quidem eveniet autem eius sit quas et. Expedita rerum omnis dicta rerum. Quia ipsum non et et.', 3, '2024-07-24 07:41:18', '2024-07-24 07:41:18'),
(281, 17, 'Colin Boyle I', 'Occaecati eaque est consequatur rerum ea provident distinctio. Placeat aut est molestiae repellendus odio velit eum. Voluptatem sit aliquid eius tempora.', 1, '2024-07-24 07:41:18', '2024-07-24 07:41:18'),
(282, 28, 'Darrell Waelchi', 'Sed consequuntur excepturi voluptatem maiores fuga harum impedit rem. Assumenda suscipit excepturi aut. Vero exercitationem rerum delectus.', 3, '2024-07-24 07:41:18', '2024-07-24 07:41:18'),
(283, 15, 'Jaylon Walter', 'Est ipsa odio est sapiente. Non commodi vitae vel eos. Molestias inventore necessitatibus cumque error sit.', 0, '2024-07-24 07:41:18', '2024-07-24 07:41:18'),
(284, 37, 'Shaina Trantow', 'Doloribus aliquam sit aut ipsum. Placeat quia est voluptas mollitia minus cumque. Vel id dolores autem veritatis illum est.', 5, '2024-07-24 07:41:18', '2024-07-24 07:41:18'),
(285, 42, 'Amara Dickens', 'Minus ut at consequatur harum. Dolorum alias voluptatem pariatur inventore. Qui natus repellendus nihil qui inventore illo veritatis. Veniam dolorem expedita ut provident consectetur non ut.', 4, '2024-07-24 07:41:18', '2024-07-24 07:41:18'),
(286, 6, 'Leopoldo Rau', 'Maiores quo aperiam inventore et consectetur quidem vitae ipsa. Modi sed quae voluptatibus quo eos laboriosam quidem. Quod nam sit sint velit quibusdam delectus. Laborum ut tenetur possimus provident reprehenderit.', 3, '2024-07-24 07:41:18', '2024-07-24 07:41:18'),
(287, 17, 'Cristopher Klein', 'Quidem sed ratione minima accusantium temporibus. Cum et eius ea alias ratione cumque asperiores. Provident rem temporibus libero enim dolorum corporis qui vel. Voluptatem rerum maiores molestiae porro perferendis et.', 2, '2024-07-24 07:41:18', '2024-07-24 07:41:18'),
(288, 45, 'Kamryn Romaguera', 'Accusantium nisi pariatur voluptatum ullam officiis commodi in saepe. Expedita dolore quo ab. Ut laboriosam voluptas rerum voluptatem officia.', 0, '2024-07-24 07:41:18', '2024-07-24 07:41:18'),
(289, 34, 'Geo Nolan', 'Odit et ut debitis facilis non omnis et. Eos ullam unde aspernatur officia atque delectus.', 0, '2024-07-24 07:41:18', '2024-07-24 07:41:18'),
(290, 39, 'Schuyler Murazik', 'Enim ad facere laborum recusandae similique. Quia sapiente totam quia. Dolorum molestiae modi distinctio neque saepe qui. Ut quae sed a atque eos.', 3, '2024-07-24 07:41:18', '2024-07-24 07:41:18'),
(291, 22, 'Mr. General Metz MD', 'Laudantium vitae magnam sit impedit deserunt voluptatum aut. Nulla et possimus dolores perspiciatis recusandae laboriosam. Officia illo tempora quam blanditiis ipsam quo. Et adipisci vero animi pariatur harum.', 4, '2024-07-24 07:41:18', '2024-07-24 07:41:18'),
(292, 8, 'Esteban Leannon', 'Facere non ut necessitatibus excepturi ipsa. Eum eos ratione voluptas et. Ab qui quibusdam molestias unde et. Delectus provident suscipit nobis ad beatae. Similique enim officia sunt voluptatem ducimus.', 0, '2024-07-24 07:41:18', '2024-07-24 07:41:18'),
(293, 7, 'Arianna Little Sr.', 'Labore perferendis accusantium est maxime ut. Aliquam ipsa atque omnis. Corrupti tempora neque dolore veniam voluptatibus et.', 5, '2024-07-24 07:41:18', '2024-07-24 07:41:18'),
(294, 3, 'Dr. Estelle Bode', 'Suscipit ex voluptate cupiditate qui unde quis similique eligendi. Facere velit voluptates non aperiam. Aut ad eius praesentium asperiores repellat dolore ut.', 4, '2024-07-24 07:41:18', '2024-07-24 07:41:18'),
(295, 34, 'Tracey Krajcik', 'Dolorum et autem libero harum dolores delectus fuga architecto. Inventore dolorem animi odit quos natus. Laboriosam corrupti amet natus id laudantium. Non qui quas quidem optio cupiditate est quia facilis.', 2, '2024-07-24 07:41:18', '2024-07-24 07:41:18'),
(296, 20, 'Pasquale Casper', 'Commodi aut sed distinctio. Minima ut id at accusamus. Consectetur et libero omnis rerum. Nemo aut sed quos magni.', 5, '2024-07-24 07:41:18', '2024-07-24 07:41:18'),
(297, 48, 'Ryder Stark', 'Et nihil et earum quo quos ut animi tenetur. Eveniet numquam voluptatibus at necessitatibus. Et recusandae ut sit omnis.', 3, '2024-07-24 07:41:18', '2024-07-24 07:41:18'),
(298, 50, 'Tyrese Christiansen', 'Quisquam cumque quas eos unde dicta asperiores ab. Amet eos accusamus repellendus sed qui nemo aut. Esse ut sed molestiae a quasi ipsum. Delectus aperiam qui modi totam.', 0, '2024-07-24 07:41:18', '2024-07-24 07:41:18'),
(299, 23, 'Darby Kozey', 'Mollitia corrupti fugit incidunt veniam soluta eum. Enim deleniti tempora sunt iure blanditiis et neque. Incidunt pariatur aut nihil magni aut. Qui voluptate minima maiores libero aut odio corrupti.', 0, '2024-07-24 07:41:18', '2024-07-24 07:41:18'),
(300, 47, 'Cullen Beier III', 'Aliquid minima a dolorem et tempore atque. Autem magni laboriosam voluptatibus. Quis placeat modi quia. Quis odio accusamus voluptatibus sapiente magnam omnis ullam. Et quasi blanditiis et excepturi velit magnam iure ipsa.', 2, '2024-07-24 07:41:18', '2024-07-24 07:41:18');

-- --------------------------------------------------------

--
-- Table structure for table `sessions`
--

CREATE TABLE `sessions` (
  `id` varchar(255) NOT NULL,
  `user_id` bigint(20) UNSIGNED DEFAULT NULL,
  `ip_address` varchar(45) DEFAULT NULL,
  `user_agent` text DEFAULT NULL,
  `payload` longtext NOT NULL,
  `last_activity` int(11) NOT NULL
) ENGINE=InnoDB DEFAULT CHARSET=utf8mb4 COLLATE=utf8mb4_unicode_ci;

-- --------------------------------------------------------

--
-- Table structure for table `users`
--

CREATE TABLE `users` (
  `id` bigint(20) UNSIGNED NOT NULL,
  `name` varchar(255) NOT NULL,
  `email` varchar(255) NOT NULL,
  `email_verified_at` timestamp NULL DEFAULT NULL,
  `password` varchar(255) NOT NULL,
  `remember_token` varchar(100) DEFAULT NULL,
  `created_at` timestamp NULL DEFAULT NULL,
  `updated_at` timestamp NULL DEFAULT NULL
) ENGINE=InnoDB DEFAULT CHARSET=utf8mb4 COLLATE=utf8mb4_unicode_ci;

--
-- Indexes for dumped tables
--

--
-- Indexes for table `cache`
--
ALTER TABLE `cache`
  ADD PRIMARY KEY (`key`);

--
-- Indexes for table `cache_locks`
--
ALTER TABLE `cache_locks`
  ADD PRIMARY KEY (`key`);

--
-- Indexes for table `failed_jobs`
--
ALTER TABLE `failed_jobs`
  ADD PRIMARY KEY (`id`),
  ADD UNIQUE KEY `failed_jobs_uuid_unique` (`uuid`);

--
-- Indexes for table `jobs`
--
ALTER TABLE `jobs`
  ADD PRIMARY KEY (`id`),
  ADD KEY `jobs_queue_index` (`queue`);

--
-- Indexes for table `job_batches`
--
ALTER TABLE `job_batches`
  ADD PRIMARY KEY (`id`);

--
-- Indexes for table `migrations`
--
ALTER TABLE `migrations`
  ADD PRIMARY KEY (`id`);

--
-- Indexes for table `password_reset_tokens`
--
ALTER TABLE `password_reset_tokens`
  ADD PRIMARY KEY (`email`);

--
-- Indexes for table `personal_access_tokens`
--
ALTER TABLE `personal_access_tokens`
  ADD PRIMARY KEY (`id`),
  ADD UNIQUE KEY `personal_access_tokens_token_unique` (`token`),
  ADD KEY `personal_access_tokens_tokenable_type_tokenable_id_index` (`tokenable_type`,`tokenable_id`);

--
-- Indexes for table `products`
--
ALTER TABLE `products`
  ADD PRIMARY KEY (`id`);

--
-- Indexes for table `reviews`
--
ALTER TABLE `reviews`
  ADD PRIMARY KEY (`id`),
  ADD KEY `reviews_product_id_foreign` (`product_id`);

--
-- Indexes for table `sessions`
--
ALTER TABLE `sessions`
  ADD PRIMARY KEY (`id`),
  ADD KEY `sessions_user_id_index` (`user_id`),
  ADD KEY `sessions_last_activity_index` (`last_activity`);

--
-- Indexes for table `users`
--
ALTER TABLE `users`
  ADD PRIMARY KEY (`id`),
  ADD UNIQUE KEY `users_email_unique` (`email`);

--
-- AUTO_INCREMENT for dumped tables
--

--
-- AUTO_INCREMENT for table `failed_jobs`
--
ALTER TABLE `failed_jobs`
  MODIFY `id` bigint(20) UNSIGNED NOT NULL AUTO_INCREMENT;

--
-- AUTO_INCREMENT for table `jobs`
--
ALTER TABLE `jobs`
  MODIFY `id` bigint(20) UNSIGNED NOT NULL AUTO_INCREMENT;

--
-- AUTO_INCREMENT for table `migrations`
--
ALTER TABLE `migrations`
  MODIFY `id` int(10) UNSIGNED NOT NULL AUTO_INCREMENT, AUTO_INCREMENT=7;

--
-- AUTO_INCREMENT for table `personal_access_tokens`
--
ALTER TABLE `personal_access_tokens`
  MODIFY `id` bigint(20) UNSIGNED NOT NULL AUTO_INCREMENT;

--
-- AUTO_INCREMENT for table `products`
--
ALTER TABLE `products`
  MODIFY `id` bigint(20) UNSIGNED NOT NULL AUTO_INCREMENT, AUTO_INCREMENT=51;

--
-- AUTO_INCREMENT for table `reviews`
--
ALTER TABLE `reviews`
  MODIFY `id` bigint(20) UNSIGNED NOT NULL AUTO_INCREMENT, AUTO_INCREMENT=301;

--
-- AUTO_INCREMENT for table `users`
--
ALTER TABLE `users`
  MODIFY `id` bigint(20) UNSIGNED NOT NULL AUTO_INCREMENT;

--
-- Constraints for dumped tables
--

--
-- Constraints for table `reviews`
--
ALTER TABLE `reviews`
  ADD CONSTRAINT `reviews_product_id_foreign` FOREIGN KEY (`product_id`) REFERENCES `products` (`id`) ON DELETE CASCADE;
COMMIT;

/*!40101 SET CHARACTER_SET_CLIENT=@OLD_CHARACTER_SET_CLIENT */;
/*!40101 SET CHARACTER_SET_RESULTS=@OLD_CHARACTER_SET_RESULTS */;
/*!40101 SET COLLATION_CONNECTION=@OLD_COLLATION_CONNECTION */;
